account_id,account_name,industry,country,signup_date,referral_source,plan_tier,seats,is_trial,churn_flag,current_plan_tier,current_seats,mrr_amount,arr_amount,billing_frequency,auto_renew_flag,latest_sub_churn_flag,start_date,total_usage_count,avg_usage_count,total_usage_duration_secs,avg_usage_duration_secs,total_error_count,n_usage_events,n_features_used,beta_usage_events,n_tickets,avg_resolution_hours,avg_first_response_min,avg_satisfaction,n_escalations,status,usage_segment,mrr_segment,account_size
A-2e4581,Company_0,EdTech,US,2024-10-16,partner,Basic,9,False,False,Basic,44,836,10032,monthly,True,False,2024-12-22,535,9.727272727272727,152339,2769.8,38,55,27,4,2.0,23.0,91.0,3.0,0.0,Retained,Medium,Medium MRR,Small
A-43a9e3,Company_1,FinTech,IN,2023-08-17,other,Basic,18,False,True,Pro,18,882,10584,monthly,True,False,2024-07-08,355,10.142857142857142,101136,2889.6,14,35,23,2,3.0,38.0,73.33333333333333,4.0,0.0,Churned,Low,Medium MRR,Medium
A-0a282f,Company_2,DevTools,US,2024-08-27,organic,Basic,1,False,False,Pro,2,98,1176,annual,True,False,2024-12-27,821,9.891566265060241,251210,3026.626506024096,48,83,34,5,3.0,43.666666666666664,63.666666666666664,4.666666666666667,0.0,Retained,High,Low MRR,Small
A-1f0ac7,Company_3,HealthTech,UK,2023-08-27,other,Basic,24,True,False,Pro,24,1176,14112,monthly,True,False,2024-12-20,382,9.317073170731707,102528,2500.682926829268,21,41,26,5,2.0,29.0,174.0,,0.0,Retained,Low,Medium MRR,Medium
A-ce550d,Company_4,HealthTech,US,2024-10-27,event,Enterprise,35,False,True,Enterprise,109,21691,260292,monthly,True,True,2024-12-31,579,9.982758620689655,215779,3720.3275862068967,31,58,32,4,7.0,42.285714285714285,107.85714285714286,3.8,1.0,Churned,High,High MRR,Large
A-1b9609,Company_5,EdTech,IN,2023-10-12,ads,Enterprise,4,False,False,Enterprise,25,0,0,annual,True,False,2024-10-03,457,9.72340425531915,140541,2990.2340425531916,21,47,28,6,4.0,43.0,74.75,3.0,0.0,Retained,Medium,Low MRR,Small
A-a0ca4e,Company_6,Cybersecurity,US,2024-03-08,ads,Pro,11,False,False,Enterprise,26,5174,62088,monthly,True,False,2024-12-01,373,9.564102564102564,116964,2999.076923076923,14,39,26,3,6.0,39.166666666666664,89.83333333333333,3.8,3.0,Retained,Low,High MRR,Medium
A-e5d6ab,Company_7,EdTech,US,2023-04-15,partner,Pro,3,False,False,Pro,32,1568,18816,annual,True,False,2024-11-10,382,9.317073170731707,111506,2719.6585365853657,23,41,29,5,3.0,42.666666666666664,57.0,,0.0,Retained,Low,Medium MRR,Small
A-7dacce,Company_8,Cybersecurity,CA,2024-09-10,event,Enterprise,12,False,True,Pro,12,0,0,annual,True,False,2024-12-04,472,9.833333333333334,145429,3029.7708333333335,29,48,27,5,4.0,32.5,75.25,3.6666666666666665,0.0,Churned,Medium,Low MRR,Medium
A-10b8da,Company_9,DevTools,US,2023-05-08,partner,Enterprise,14,False,True,Pro,34,1666,19992,monthly,True,False,2024-09-14,257,9.518518518518519,73818,2734.0,14,27,23,2,3.0,31.333333333333332,71.33333333333333,3.5,0.0,Churned,Low,Medium MRR,Medium
A-592832,Company_10,Cybersecurity,US,2024-09-25,organic,Basic,18,False,True,Pro,18,882,10584,annual,False,False,2024-12-31,1053,10.425742574257425,326283,3230.5247524752476,55,101,38,13,3.0,32.666666666666664,80.66666666666667,5.0,0.0,Churned,High,Medium MRR,Medium
A-d40bf7,Company_11,FinTech,IN,2024-11-08,organic,Basic,59,False,False,Basic,59,1121,13452,monthly,True,False,2024-12-29,562,10.218181818181819,150186,2730.6545454545453,22,55,29,5,2.0,20.5,125.5,5.0,0.0,Retained,Medium,Medium MRR,Large
A-6c093d,Company_12,DevTools,US,2023-04-14,partner,Basic,7,True,False,Enterprise,7,0,0,annual,True,False,2024-12-12,670,10.46875,217275,3394.921875,30,64,30,10,3.0,40.333333333333336,68.33333333333333,5.0,1.0,Retained,High,Low MRR,Small
A-462d45,Company_13,Cybersecurity,US,2024-01-15,partner,Enterprise,11,True,False,Pro,30,1470,17640,annual,True,False,2024-12-10,642,9.304347826086957,159561,2312.478260869565,26,69,34,8,4.0,26.75,95.0,4.0,0.0,Retained,High,Medium MRR,Medium
A-956988,Company_14,EdTech,UK,2024-11-30,ads,Enterprise,1,False,False,Enterprise,32,6368,76416,annual,True,False,2024-12-30,658,9.4,173232,2474.7428571428572,49,70,32,8,2.0,50.5,118.0,3.0,0.0,Retained,High,High MRR,Small
A-ac14bb,Company_15,FinTech,US,2023-09-08,partner,Enterprise,21,False,False,Basic,28,532,6384,annual,True,False,2024-07-03,531,9.833333333333334,170826,3163.4444444444443,42,54,31,7,2.0,24.5,30.5,4.0,0.0,Retained,Medium,Medium MRR,Medium
A-463db0,Company_16,HealthTech,US,2024-12-05,partner,Basic,15,False,False,Pro,15,735,8820,annual,True,False,2024-12-31,367,9.91891891891892,106259,2871.864864864865,13,37,25,3,6.0,50.166666666666664,94.83333333333333,4.25,1.0,Retained,Low,Medium MRR,Medium
A-ce66f8,Company_17,EdTech,CA,2023-08-23,event,Pro,29,False,False,Pro,29,1421,17052,annual,True,False,2024-07-27,494,10.73913043478261,133559,2903.4565217391305,19,46,29,6,6.0,41.666666666666664,79.16666666666667,3.5,0.0,Retained,Medium,Medium MRR,Large
A-c4ea60,Company_18,FinTech,DE,2023-03-09,other,Enterprise,18,False,True,Enterprise,18,3582,42984,monthly,True,False,2024-12-17,427,9.930232558139535,137244,3191.720930232558,18,43,28,9,5.0,36.0,59.0,3.6,0.0,Churned,Medium,High MRR,Medium
A-832ec2,Company_19,FinTech,UK,2023-11-19,event,Enterprise,4,True,False,Enterprise,22,4378,52536,annual,False,False,2024-11-27,511,10.428571428571429,157711,3218.591836734694,25,49,31,6,3.0,26.0,108.66666666666667,4.0,1.0,Retained,Medium,High MRR,Small
A-684255,Company_20,FinTech,US,2024-04-14,ads,Enterprise,9,False,False,Basic,9,0,0,annual,True,True,2024-12-15,653,9.893939393939394,191849,2906.8030303030305,44,66,34,15,4.0,14.25,97.75,4.666666666666667,1.0,Retained,High,Low MRR,Small
A-c42f1f,Company_21,HealthTech,US,2024-07-28,other,Pro,8,False,False,Basic,8,152,1824,monthly,True,False,2024-12-29,337,9.628571428571428,98383,2810.942857142857,20,35,24,5,9.0,31.333333333333332,81.88888888888889,4.0,1.0,Retained,Low,Low MRR,Small
A-4e44e8,Company_22,DevTools,US,2024-08-20,ads,Enterprise,3,False,True,Enterprise,17,3383,40596,annual,True,False,2024-12-19,687,9.956521739130435,208387,3020.1014492753625,37,69,32,8,3.0,31.333333333333332,76.66666666666667,3.3333333333333335,0.0,Churned,High,High MRR,Small
A-30b4ca,Company_23,EdTech,IN,2024-05-20,organic,Basic,86,False,True,Basic,86,1634,19608,annual,True,False,2024-10-03,402,9.571428571428571,127433,3034.1190476190477,22,42,28,10,3.0,57.666666666666664,108.33333333333333,4.0,0.0,Churned,Low,Medium MRR,Large
A-9f2731,Company_24,FinTech,IN,2024-10-04,event,Enterprise,1,False,False,Pro,5,0,0,annual,True,False,2024-11-22,324,10.125,98113,3066.03125,20,32,23,2,0.0,,,,0.0,Retained,Low,Low MRR,Small
A-32fb14,Company_25,DevTools,US,2023-03-07,event,Enterprise,26,False,True,Enterprise,26,5174,62088,annual,True,False,2024-11-09,488,10.382978723404255,150708,3206.553191489362,19,47,27,2,5.0,34.0,59.6,4.5,0.0,Churned,Medium,High MRR,Large
A-00cac8,Company_26,HealthTech,AU,2023-09-15,organic,Enterprise,8,True,False,Pro,19,931,11172,annual,True,False,2024-12-02,602,10.379310344827585,171366,2954.5862068965516,31,58,30,7,2.0,33.0,120.5,,0.0,Retained,High,Medium MRR,Small
A-35083d,Company_27,HealthTech,IN,2023-04-28,partner,Basic,19,False,True,Enterprise,49,9751,117012,monthly,True,False,2024-12-15,791,10.98611111111111,237055,3292.4305555555557,37,72,29,7,4.0,49.75,119.0,5.0,0.0,Churned,High,High MRR,Medium
A-eb7fac,Company_28,DevTools,US,2023-10-28,organic,Enterprise,7,False,False,Basic,26,494,5928,monthly,True,False,2024-10-22,538,10.150943396226415,185729,3504.3207547169814,44,53,27,6,4.0,34.0,126.5,4.0,0.0,Retained,Medium,Low MRR,Small
A-b20d99,Company_29,HealthTech,IN,2023-09-27,other,Basic,20,False,False,Enterprise,20,3980,47760,monthly,True,False,2024-11-03,329,9.969696969696969,105214,3188.3030303030305,12,33,22,5,2.0,61.5,27.0,3.5,0.0,Retained,Low,High MRR,Medium
A-396e5f,Company_30,Cybersecurity,CA,2024-10-02,other,Enterprise,2,False,False,Pro,34,1666,19992,monthly,False,False,2024-12-19,540,9.818181818181818,175427,3189.581818181818,23,55,29,5,5.0,24.8,102.8,4.0,1.0,Retained,Medium,Medium MRR,Small
A-45ce7a,Company_31,FinTech,US,2023-07-23,ads,Enterprise,16,False,False,Enterprise,16,3184,38208,monthly,True,False,2024-11-13,424,10.871794871794872,124978,3204.5641025641025,30,39,21,2,5.0,45.4,91.8,3.6666666666666665,0.0,Retained,Medium,High MRR,Medium
A-08e34e,Company_32,EdTech,US,2024-06-27,event,Basic,14,False,True,Enterprise,14,2786,33432,monthly,True,False,2024-12-31,651,10.333333333333334,186929,2967.126984126984,32,63,34,7,3.0,43.0,84.0,3.0,0.0,Churned,High,High MRR,Medium
A-8145a0,Company_33,Cybersecurity,AU,2023-04-25,partner,Basic,2,True,False,Basic,15,285,3420,monthly,True,False,2024-12-17,693,10.828125,200177,3127.765625,27,64,32,5,6.0,23.666666666666668,90.16666666666667,4.0,0.0,Retained,High,Low MRR,Small
A-bad8c1,Company_34,FinTech,AU,2023-03-01,organic,Basic,7,False,False,Pro,37,1813,21756,monthly,True,False,2024-06-03,385,10.405405405405405,125675,3396.6216216216217,11,37,29,6,1.0,27.0,49.0,4.0,0.0,Retained,Low,Medium MRR,Small
A-44dc83,Company_35,EdTech,FR,2024-05-12,other,Basic,5,False,False,Enterprise,13,0,0,annual,True,False,2024-11-26,248,10.333333333333334,81119,3379.9583333333335,13,24,16,3,7.0,40.857142857142854,76.14285714285714,4.6,0.0,Retained,Low,Low MRR,Small
A-f446b6,Company_36,DevTools,DE,2023-05-12,ads,Pro,5,True,False,Basic,5,95,1140,annual,True,False,2024-09-08,376,9.64102564102564,127515,3269.6153846153848,31,39,27,3,8.0,30.75,82.5,4.25,1.0,Retained,Low,Low MRR,Small
A-a45270,Company_37,HealthTech,US,2024-06-24,ads,Enterprise,3,False,False,Basic,66,0,0,annual,True,False,2024-12-23,733,10.32394366197183,222582,3134.957746478873,53,71,35,4,4.0,64.0,110.0,4.0,0.0,Retained,High,Low MRR,Small
A-854864,Company_38,FinTech,IN,2024-12-07,event,Enterprise,20,False,False,Pro,20,980,11760,annual,True,False,2024-12-31,248,10.333333333333334,73517,3063.2083333333335,10,24,17,4,5.0,44.2,100.8,4.8,0.0,Retained,Low,Medium MRR,Medium
A-1b7577,Company_39,Cybersecurity,US,2024-10-27,other,Pro,4,False,False,Pro,41,2009,24108,monthly,True,False,2024-12-30,647,10.435483870967742,195598,3154.8064516129034,33,62,33,4,5.0,27.2,109.4,4.0,0.0,Retained,High,Medium MRR,Small
A-05f0e5,Company_40,FinTech,US,2023-05-04,partner,Basic,32,False,False,Pro,58,2842,34104,annual,True,False,2024-11-23,706,10.537313432835822,207116,3091.283582089552,46,67,32,9,4.0,20.0,108.5,4.0,0.0,Retained,High,High MRR,Large
A-9077b0,Company_41,HealthTech,US,2024-08-25,ads,Basic,2,False,False,Pro,63,0,0,monthly,True,True,2024-12-20,493,10.717391304347826,146301,3180.4565217391305,31,46,26,5,3.0,40.333333333333336,136.33333333333334,4.333333333333333,0.0,Retained,Medium,Low MRR,Small
A-7f8241,Company_42,EdTech,US,2023-03-14,organic,Pro,34,False,True,Enterprise,34,6766,81192,monthly,False,False,2024-12-24,734,9.532467532467532,227186,2950.4675324675327,38,77,34,5,1.0,36.0,135.0,3.0,0.0,Churned,High,High MRR,Large
A-2bc93d,Company_43,HealthTech,US,2023-03-14,event,Basic,14,False,False,Pro,35,1715,20580,monthly,True,False,2024-12-20,666,9.940298507462687,215735,3219.9253731343283,31,67,33,5,2.0,12.0,78.0,4.5,0.0,Retained,High,Medium MRR,Medium
A-f3ff05,Company_44,FinTech,IN,2024-07-06,other,Enterprise,2,False,False,Basic,30,570,6840,monthly,True,False,2024-12-02,672,10.181818181818182,210327,3186.7727272727275,36,66,28,4,3.0,42.666666666666664,111.33333333333333,3.5,0.0,Retained,High,Medium MRR,Small
A-2d4502,Company_45,FinTech,IN,2024-04-29,event,Basic,7,False,False,Enterprise,34,6766,81192,annual,True,False,2024-12-12,465,9.893617021276595,127997,2723.340425531915,19,47,29,7,3.0,26.333333333333332,82.0,5.0,0.0,Retained,Medium,High MRR,Small
A-6a4e2d,Company_46,EdTech,UK,2023-04-07,partner,Pro,9,False,False,Pro,14,686,8232,annual,True,True,2024-10-15,597,10.11864406779661,172764,2928.2033898305085,31,59,27,3,2.0,18.5,141.0,4.5,1.0,Retained,High,Medium MRR,Small
A-eb7c38,Company_47,DevTools,AU,2024-02-25,organic,Enterprise,5,False,False,Basic,33,627,7524,annual,True,False,2024-12-04,693,9.9,203946,2913.5142857142855,27,70,33,6,5.0,22.4,67.4,4.333333333333333,0.0,Retained,High,Medium MRR,Small
A-c37601,Company_48,EdTech,US,2024-10-31,partner,Basic,6,True,False,Enterprise,54,10746,128952,monthly,False,False,2024-12-30,489,10.1875,131835,2746.5625,21,48,28,3,4.0,42.25,83.0,3.6666666666666665,0.0,Retained,Medium,High MRR,Small
A-3b5cd1,Company_49,FinTech,US,2023-09-12,event,Basic,13,True,False,Enterprise,32,6368,76416,annual,True,False,2024-12-24,523,10.057692307692308,177958,3422.269230769231,24,52,27,5,5.0,27.4,46.6,4.0,0.0,Retained,Medium,High MRR,Medium
A-b2225d,Company_50,FinTech,US,2024-03-08,ads,Basic,47,False,True,Basic,47,893,10716,annual,True,False,2024-12-10,696,9.534246575342467,236693,3242.3698630136987,60,73,34,5,2.0,42.0,38.0,3.0,0.0,Churned,High,Medium MRR,Large
A-94f8c9,Company_51,HealthTech,US,2024-03-29,other,Basic,13,False,False,Enterprise,13,2587,31044,monthly,True,False,2024-12-31,746,9.688311688311689,204124,2650.961038961039,63,77,33,7,3.0,47.333333333333336,87.66666666666667,5.0,0.0,Retained,High,High MRR,Medium
A-02fac6,Company_52,FinTech,US,2023-04-06,event,Pro,22,False,False,Pro,22,1078,12936,monthly,True,False,2024-10-18,514,9.69811320754717,169854,3204.7924528301887,34,53,32,5,6.0,23.333333333333332,100.5,4.0,0.0,Retained,Medium,Medium MRR,Medium
A-c1dfe1,Company_53,DevTools,DE,2023-08-07,ads,Pro,26,False,False,Basic,26,494,5928,monthly,False,False,2024-09-22,375,9.615384615384615,127687,3274.025641025641,30,39,24,4,3.0,50.333333333333336,93.66666666666667,4.0,0.0,Retained,Low,Low MRR,Large
A-32728c,Company_54,DevTools,US,2023-01-03,event,Pro,20,False,True,Basic,42,798,9576,annual,True,False,2024-09-17,418,10.195121951219512,115325,2812.8048780487807,22,41,26,6,2.0,34.5,61.5,3.5,0.0,Churned,Low,Medium MRR,Medium
A-4c38bc,Company_55,HealthTech,UK,2024-03-09,event,Basic,36,False,True,Pro,36,1764,21168,annual,True,True,2024-12-27,818,10.098765432098766,271358,3350.098765432099,27,81,37,10,3.0,48.333333333333336,43.0,3.5,0.0,Churned,High,Medium MRR,Large
A-1b707d,Company_56,Cybersecurity,US,2023-07-14,organic,Enterprise,1,False,False,Basic,2,0,0,annual,False,False,2024-12-27,399,10.5,110456,2906.7368421052633,12,38,27,3,3.0,42.666666666666664,75.33333333333333,,0.0,Retained,Low,Low MRR,Small
A-6f8ad2,Company_57,EdTech,IN,2024-07-09,organic,Basic,1,False,False,Basic,41,779,9348,annual,False,False,2024-12-31,924,10.5,261489,2971.465909090909,59,88,38,13,4.0,35.25,37.25,4.333333333333333,0.0,Retained,High,Medium MRR,Small
A-4d1e75,Company_58,DevTools,US,2024-08-21,other,Basic,20,False,False,Pro,47,0,0,monthly,False,False,2024-12-17,477,9.352941176470589,148106,2904.0392156862745,25,51,28,5,2.0,15.0,98.5,4.0,0.0,Retained,Medium,Low MRR,Medium
A-9ee962,Company_59,HealthTech,US,2023-02-28,ads,Basic,9,False,True,Basic,9,171,2052,annual,True,False,2024-07-18,439,11.256410256410257,120226,3082.7179487179487,17,39,25,3,3.0,37.0,69.66666666666667,4.0,0.0,Churned,Medium,Low MRR,Small
A-378b99,Company_60,EdTech,UK,2024-09-01,ads,Pro,8,True,False,Pro,16,784,9408,annual,True,False,2024-12-05,565,9.741379310344827,187525,3233.189655172414,38,58,33,5,6.0,28.5,78.83333333333333,4.5,0.0,Retained,Medium,Medium MRR,Small
A-94d3da,Company_61,HealthTech,US,2023-05-03,other,Basic,41,False,False,Basic,41,779,9348,monthly,True,False,2024-10-28,464,9.666666666666666,150051,3126.0625,25,48,29,5,6.0,26.833333333333332,80.5,3.5,0.0,Retained,Medium,Medium MRR,Large
A-e351e1,Company_62,EdTech,US,2024-09-26,other,Enterprise,33,False,False,Basic,33,627,7524,annual,True,True,2024-12-26,295,10.172413793103448,102452,3532.8275862068967,22,29,18,3,4.0,17.0,65.25,3.75,0.0,Retained,Low,Medium MRR,Large
A-9badbd,Company_63,Cybersecurity,DE,2024-06-19,ads,Enterprise,5,True,False,Enterprise,59,11741,140892,monthly,True,True,2024-12-21,729,10.414285714285715,220382,3148.3142857142857,45,70,33,8,5.0,30.2,102.6,5.0,0.0,Retained,High,High MRR,Small
A-7e0a10,Company_64,FinTech,US,2023-11-18,ads,Enterprise,46,False,False,Enterprise,70,13930,167160,annual,True,False,2024-12-30,511,10.22,173162,3463.24,35,50,34,5,5.0,39.4,62.6,4.0,0.0,Retained,Medium,High MRR,Large
A-118d55,Company_65,Cybersecurity,US,2024-10-22,organic,Basic,8,False,False,Enterprise,29,5771,69252,monthly,True,True,2024-12-30,599,9.983333333333333,168143,2802.383333333333,33,60,29,5,5.0,24.2,56.8,4.333333333333333,0.0,Retained,High,High MRR,Small
A-526d93,Company_66,HealthTech,FR,2024-04-14,organic,Basic,43,False,False,Enterprise,43,8557,102684,annual,False,True,2024-11-08,565,10.089285714285714,159213,2843.089285714286,45,56,28,5,5.0,51.4,134.6,3.5,1.0,Retained,Medium,High MRR,Large
A-f92792,Company_67,FinTech,US,2024-07-04,ads,Pro,1,False,False,Basic,19,361,4332,annual,False,False,2024-12-15,528,9.962264150943396,149124,2813.6603773584907,31,53,32,6,2.0,45.0,82.0,4.0,0.0,Retained,Medium,Low MRR,Small
A-84ebe4,Company_68,FinTech,US,2023-03-12,ads,Pro,18,True,True,Enterprise,36,7164,85968,monthly,True,False,2024-11-18,396,9.428571428571429,123655,2944.1666666666665,26,42,27,7,4.0,29.5,135.5,4.0,0.0,Churned,Low,High MRR,Medium
A-5b4ebb,Company_69,Cybersecurity,UK,2024-07-10,other,Basic,21,True,True,Pro,30,1470,17640,annual,True,False,2024-12-16,692,9.885714285714286,196300,2804.285714285714,25,70,34,6,5.0,35.4,63.0,4.75,0.0,Churned,High,Medium MRR,Medium
A-2922b6,Company_70,HealthTech,US,2024-11-14,organic,Basic,15,False,False,Pro,20,980,11760,annual,False,False,2024-12-25,393,10.621621621621621,117237,3168.5675675675675,13,37,27,2,2.0,15.5,103.0,4.0,0.0,Retained,Low,Medium MRR,Medium
A-9b9fe9,Company_71,EdTech,AU,2023-09-28,other,Basic,5,False,False,Enterprise,50,9950,119400,monthly,True,False,2024-11-28,597,10.293103448275861,196701,3391.396551724138,22,58,30,3,4.0,33.5,156.5,4.0,0.0,Retained,High,High MRR,Small
A-a8b49c,Company_72,Cybersecurity,UK,2023-10-06,partner,Basic,7,False,False,Pro,7,343,4116,annual,True,False,2024-10-17,545,10.092592592592593,183399,3396.277777777778,43,54,27,1,1.0,72.0,105.0,4.0,0.0,Retained,Medium,Low MRR,Small
A-9174e0,Company_73,Cybersecurity,US,2024-12-04,partner,Basic,37,False,False,Enterprise,37,7363,88356,annual,True,False,2024-12-28,689,9.985507246376812,206138,2987.5072463768115,61,69,34,6,2.0,39.0,167.0,5.0,0.0,Retained,High,High MRR,Large
A-a1bbb6,Company_74,DevTools,CA,2023-04-05,organic,Basic,1,False,False,Pro,15,0,0,annual,True,False,2024-10-04,366,9.891891891891891,118465,3201.7567567567567,20,37,23,7,3.0,17.666666666666668,120.66666666666667,4.0,0.0,Retained,Low,Low MRR,Small
A-c45b23,Company_75,FinTech,UK,2023-12-08,partner,Basic,5,False,False,Enterprise,26,5174,62088,annual,True,True,2024-12-12,581,9.847457627118644,181056,3068.7457627118642,30,59,32,10,3.0,36.666666666666664,51.666666666666664,3.0,0.0,Retained,High,High MRR,Small
A-02cd81,Company_76,HealthTech,IN,2024-03-28,other,Basic,44,False,False,Pro,44,2156,25872,annual,True,False,2024-12-29,684,9.5,219304,3045.8888888888887,28,72,31,5,3.0,17.333333333333332,84.66666666666667,4.5,1.0,Retained,High,High MRR,Large
A-ee42db,Company_77,EdTech,DE,2023-04-25,ads,Enterprise,13,False,False,Basic,30,570,6840,monthly,True,False,2024-12-22,511,9.462962962962964,150876,2794.0,33,54,31,6,4.0,33.75,98.25,3.0,0.0,Retained,Medium,Medium MRR,Medium
A-432483,Company_78,Cybersecurity,US,2023-02-06,ads,Pro,4,False,False,Pro,31,1519,18228,annual,True,False,2024-11-29,451,10.022222222222222,151460,3365.777777777778,28,45,25,4,1.0,51.0,128.0,,0.0,Retained,Medium,Medium MRR,Small
A-9208f0,Company_79,EdTech,US,2023-05-11,organic,Pro,1,False,True,Basic,17,0,0,annual,True,False,2024-08-09,538,10.150943396226415,158701,2994.3584905660377,31,53,29,6,8.0,41.25,59.75,3.3333333333333335,1.0,Churned,Medium,Low MRR,Small
A-98a59a,Company_80,FinTech,UK,2023-08-04,partner,Enterprise,56,False,False,Pro,56,2744,32928,annual,True,False,2024-10-27,455,10.340909090909092,124429,2827.931818181818,21,44,27,8,3.0,37.333333333333336,74.0,4.5,0.0,Retained,Medium,High MRR,Large
A-fe79a5,Company_81,HealthTech,IN,2024-02-21,ads,Basic,9,True,False,Enterprise,9,1791,21492,annual,True,False,2024-12-26,335,10.151515151515152,96672,2929.4545454545455,17,33,22,2,4.0,28.5,61.0,5.0,0.0,Retained,Low,Medium MRR,Small
A-726cfa,Company_82,DevTools,US,2023-07-01,partner,Pro,11,False,False,Enterprise,38,7562,90744,monthly,False,False,2024-12-16,993,10.13265306122449,281986,2877.408163265306,45,98,40,15,3.0,35.666666666666664,128.33333333333334,4.0,0.0,Retained,High,High MRR,Medium
A-c43359,Company_83,FinTech,US,2024-11-16,organic,Pro,38,False,False,Basic,38,722,8664,monthly,True,False,2024-12-22,461,9.808510638297872,147051,3128.744680851064,32,47,28,5,3.0,26.666666666666668,107.33333333333333,4.0,0.0,Retained,Medium,Medium MRR,Large
A-271f46,Company_84,DevTools,US,2023-02-09,event,Pro,38,False,True,Enterprise,46,9154,109848,monthly,True,False,2024-11-22,373,9.81578947368421,114563,3014.815789473684,16,38,25,1,1.0,36.0,79.0,,0.0,Churned,Low,High MRR,Large
A-157070,Company_85,FinTech,US,2023-11-09,ads,Pro,16,False,False,Basic,38,722,8664,annual,True,True,2024-12-18,696,9.80281690140845,186928,2632.788732394366,26,71,37,7,3.0,42.333333333333336,118.0,3.0,1.0,Retained,High,Medium MRR,Medium
A-40a557,Company_86,Cybersecurity,AU,2023-12-03,partner,Pro,16,True,False,Enterprise,16,3184,38208,monthly,True,False,2024-12-14,402,10.307692307692308,114217,2928.641025641026,17,39,25,3,7.0,30.571428571428573,94.71428571428571,3.6666666666666665,0.0,Retained,Low,High MRR,Medium
A-66224b,Company_87,HealthTech,US,2024-10-18,other,Pro,92,True,False,Enterprise,92,0,0,annual,True,False,2024-12-30,626,10.262295081967213,185229,3036.5409836065573,29,61,34,10,6.0,39.833333333333336,82.5,3.5,0.0,Retained,High,Low MRR,Large
A-91e948,Company_88,EdTech,AU,2023-01-29,partner,Basic,41,False,False,Enterprise,41,8159,97908,monthly,True,False,2024-11-09,404,10.1,115260,2881.5,16,40,23,0,0.0,,,,0.0,Retained,Low,High MRR,Large
A-104f1a,Company_89,Cybersecurity,US,2024-08-17,other,Pro,24,False,False,Basic,34,646,7752,monthly,True,False,2024-12-20,438,9.954545454545455,156949,3567.0227272727275,22,44,28,2,5.0,33.2,50.4,3.75,1.0,Retained,Medium,Medium MRR,Medium
A-7988d1,Company_90,Cybersecurity,US,2023-12-20,other,Basic,33,False,False,Basic,33,0,0,monthly,True,False,2024-12-03,449,9.76086956521739,138265,3005.7608695652175,28,46,31,7,3.0,35.333333333333336,65.33333333333333,4.333333333333333,0.0,Retained,Medium,Low MRR,Large
A-faa28c,Company_91,HealthTech,US,2024-01-30,organic,Enterprise,48,False,False,Pro,48,2352,28224,monthly,True,False,2024-12-25,585,9.915254237288135,162007,2745.8813559322034,24,59,25,5,4.0,52.25,115.5,4.666666666666667,1.0,Retained,High,High MRR,Large
A-f25509,Company_92,EdTech,US,2024-03-22,other,Enterprise,32,False,False,Basic,57,1083,12996,annual,True,False,2024-12-26,229,9.956521739130435,73603,3200.1304347826085,15,23,17,3,6.0,42.666666666666664,116.0,4.666666666666667,0.0,Retained,Low,Medium MRR,Large
A-3a7284,Company_93,FinTech,US,2024-11-17,organic,Enterprise,31,False,False,Pro,31,1519,18228,annual,True,False,2024-12-28,609,10.15,191562,3192.7,30,60,33,9,3.0,56.333333333333336,104.33333333333333,3.5,0.0,Retained,High,Medium MRR,Large
A-3a5ad8,Company_94,HealthTech,US,2023-12-05,organic,Enterprise,9,True,False,Enterprise,22,0,0,annual,True,False,2024-12-25,506,9.73076923076923,127878,2459.1923076923076,23,52,27,7,4.0,44.75,53.5,4.5,0.0,Retained,Medium,Low MRR,Small
A-65a46c,Company_95,HealthTech,US,2023-11-04,event,Pro,1,False,False,Pro,35,1715,20580,annual,True,False,2024-12-24,370,9.736842105263158,115219,3032.0789473684213,21,38,24,7,8.0,45.125,91.125,4.0,0.0,Retained,Low,Medium MRR,Small
A-8b25f2,Company_96,Cybersecurity,US,2024-02-17,ads,Pro,6,False,True,Enterprise,13,2587,31044,monthly,True,False,2024-12-15,565,10.462962962962964,159394,2951.740740740741,20,54,29,6,2.0,35.5,50.5,4.0,0.0,Churned,Medium,High MRR,Small
A-fabe19,Company_97,DevTools,UK,2024-11-11,ads,Enterprise,1,False,False,Enterprise,1,0,0,monthly,False,False,2024-12-26,337,10.212121212121213,112966,3423.212121212121,16,33,20,1,3.0,40.666666666666664,38.333333333333336,4.0,0.0,Retained,Low,Low MRR,Small
A-adc1f3,Company_98,Cybersecurity,US,2024-08-05,organic,Pro,2,False,False,Enterprise,5,995,11940,monthly,True,False,2024-12-21,334,9.277777777777779,120133,3337.027777777778,26,36,24,5,3.0,47.333333333333336,65.0,3.5,0.0,Retained,Low,Medium MRR,Small
A-503d5a,Company_99,FinTech,US,2023-10-21,other,Enterprise,4,False,True,Enterprise,56,11144,133728,annual,False,False,2024-12-19,605,10.254237288135593,211565,3585.8474576271187,32,59,34,6,9.0,36.55555555555556,81.77777777777777,4.0,0.0,Churned,High,High MRR,Small
A-fd7ad3,Company_100,Cybersecurity,US,2024-11-01,event,Enterprise,1,False,False,Basic,29,551,6612,monthly,True,False,2024-12-26,567,10.125,171957,3070.660714285714,42,56,31,9,8.0,48.75,98.125,4.166666666666667,1.0,Retained,Medium,Medium MRR,Small
A-186a44,Company_101,HealthTech,US,2023-08-07,ads,Enterprise,20,False,False,Pro,20,0,0,annual,True,False,2024-12-17,614,10.065573770491802,205539,3369.4918032786886,25,61,30,7,7.0,38.285714285714285,110.42857142857143,3.5,0.0,Retained,High,Low MRR,Medium
A-e888d1,Company_102,Cybersecurity,US,2023-03-28,other,Pro,14,False,False,Pro,17,833,9996,monthly,True,False,2024-12-19,552,10.615384615384615,158087,3040.1346153846152,36,52,31,5,5.0,43.0,104.0,4.0,1.0,Retained,Medium,Medium MRR,Medium
A-69fad4,Company_103,FinTech,UK,2023-04-06,ads,Basic,6,False,True,Pro,13,0,0,monthly,True,False,2024-03-24,412,10.564102564102564,124646,3196.051282051282,24,39,24,4,4.0,43.0,116.75,3.6666666666666665,0.0,Churned,Low,Low MRR,Small
A-9289f6,Company_104,EdTech,US,2023-05-31,event,Enterprise,1,False,False,Pro,25,1225,14700,annual,False,False,2024-12-17,642,9.441176470588236,200375,2946.6911764705883,38,68,33,7,6.0,37.5,70.0,4.333333333333333,0.0,Retained,High,Medium MRR,Small
A-f19409,Company_105,DevTools,US,2023-03-16,other,Basic,23,False,True,Basic,35,665,7980,annual,False,False,2024-12-20,659,10.629032258064516,209812,3384.064516129032,31,62,33,12,3.0,6.333333333333333,103.33333333333333,4.0,0.0,Churned,High,Medium MRR,Medium
A-22f2df,Company_106,DevTools,US,2024-12-14,ads,Basic,3,False,False,Basic,11,209,2508,annual,True,False,2024-12-30,429,10.214285714285714,119127,2836.3571428571427,17,42,25,5,5.0,44.8,71.6,5.0,0.0,Retained,Medium,Low MRR,Small
A-039727,Company_107,EdTech,AU,2024-11-02,organic,Pro,25,False,False,Enterprise,25,4975,59700,annual,True,True,2024-12-19,768,10.378378378378379,249545,3372.2297297297296,32,74,33,3,0.0,,,,0.0,Retained,High,High MRR,Medium
A-2e3bad,Company_108,FinTech,CA,2023-08-13,other,Pro,61,False,False,Basic,61,1159,13908,monthly,True,True,2024-12-04,435,9.666666666666666,123738,2749.733333333333,26,45,25,6,5.0,31.4,107.0,3.5,0.0,Retained,Medium,Medium MRR,Large
A-484819,Company_109,HealthTech,US,2023-02-21,organic,Pro,18,False,False,Enterprise,18,3582,42984,monthly,True,False,2024-11-13,336,10.181818181818182,116076,3517.4545454545455,20,33,22,3,5.0,33.2,139.6,4.5,0.0,Retained,Low,High MRR,Medium
A-425e76,Company_110,DevTools,UK,2023-05-17,other,Enterprise,8,False,True,Enterprise,9,1791,21492,annual,True,False,2024-08-13,438,9.125,136419,2842.0625,24,48,29,5,5.0,48.2,119.2,3.3333333333333335,1.0,Churned,Medium,Medium MRR,Small
A-e83938,Company_111,DevTools,UK,2023-11-21,other,Pro,2,True,True,Basic,54,1026,12312,annual,False,False,2024-12-06,266,8.580645161290322,87249,2814.483870967742,18,31,22,2,4.0,31.0,72.5,3.0,0.0,Churned,Low,Medium MRR,Small
A-ad296b,Company_112,DevTools,AU,2024-07-15,event,Pro,38,False,False,Pro,38,1862,22344,annual,True,False,2024-12-09,294,9.483870967741936,103805,3348.548387096774,12,31,24,2,3.0,28.333333333333332,83.33333333333333,3.6666666666666665,1.0,Retained,Low,Medium MRR,Large
A-e51ec7,Company_113,FinTech,CA,2023-09-23,partner,Enterprise,2,False,False,Enterprise,10,1990,23880,monthly,True,False,2024-12-19,417,10.425,126745,3168.625,18,40,26,4,3.0,37.0,93.33333333333333,5.0,0.0,Retained,Low,Medium MRR,Small
A-0aaf6e,Company_114,FinTech,US,2024-05-11,organic,Enterprise,3,False,False,Enterprise,18,3582,42984,monthly,True,False,2024-12-26,599,10.508771929824562,172442,3025.2982456140353,39,57,25,6,5.0,45.0,75.4,4.0,0.0,Retained,High,High MRR,Small
A-e61e98,Company_115,FinTech,US,2023-10-20,partner,Enterprise,19,False,True,Enterprise,34,6766,81192,annual,True,False,2024-09-01,527,9.410714285714286,131994,2357.035714285714,25,56,32,7,6.0,30.333333333333332,88.5,4.6,1.0,Churned,Medium,High MRR,Medium
A-92a333,Company_116,FinTech,US,2023-03-24,event,Enterprise,9,False,False,Basic,9,171,2052,monthly,True,False,2024-07-04,364,10.11111111111111,103645,2879.027777777778,30,36,22,2,4.0,23.25,58.25,,1.0,Retained,Low,Low MRR,Small
A-95b24a,Company_117,FinTech,US,2023-06-06,event,Pro,38,False,True,Pro,38,0,0,annual,True,False,2024-10-11,611,9.85483870967742,188856,3046.064516129032,34,62,32,8,5.0,21.2,90.4,4.25,0.0,Churned,High,Low MRR,Large
A-42e5e1,Company_118,DevTools,US,2024-07-09,ads,Pro,1,False,True,Pro,10,490,5880,annual,False,False,2024-11-28,411,10.024390243902438,116704,2846.439024390244,41,41,24,2,3.0,29.0,81.33333333333333,4.0,0.0,Churned,Low,Low MRR,Small
A-7d514c,Company_119,HealthTech,DE,2024-02-03,organic,Enterprise,17,False,False,Enterprise,17,3383,40596,monthly,True,False,2024-12-05,502,10.458333333333334,146707,3056.3958333333335,30,48,30,7,3.0,33.333333333333336,49.666666666666664,5.0,0.0,Retained,Medium,High MRR,Medium
A-65aeb5,Company_120,DevTools,US,2024-01-25,partner,Pro,9,False,False,Basic,9,171,2052,annual,True,True,2024-10-10,533,9.690909090909091,148034,2691.5272727272727,40,55,30,3,2.0,42.5,159.5,5.0,0.0,Retained,Medium,Low MRR,Small
A-e2cd1b,Company_121,DevTools,US,2024-02-04,other,Enterprise,15,False,False,Enterprise,16,3184,38208,annual,True,False,2024-12-26,465,9.489795918367347,138043,2817.204081632653,18,49,29,7,5.0,37.8,76.0,4.0,0.0,Retained,Medium,High MRR,Medium
A-180abf,Company_122,DevTools,US,2023-08-14,event,Pro,64,False,True,Pro,64,3136,37632,monthly,True,False,2024-12-20,499,10.395833333333334,136250,2838.5416666666665,28,48,29,5,3.0,36.333333333333336,62.333333333333336,3.0,0.0,Churned,Medium,High MRR,Large
A-f17767,Company_123,DevTools,US,2023-01-30,event,Enterprise,1,True,True,Pro,15,735,8820,annual,True,False,2024-12-10,713,10.333333333333334,208977,3028.6521739130435,38,69,35,4,3.0,36.333333333333336,115.0,4.0,1.0,Churned,High,Medium MRR,Small
A-5a184f,Company_124,DevTools,DE,2023-06-19,other,Enterprise,1,False,True,Basic,36,684,8208,annual,True,True,2024-11-06,587,10.298245614035087,175629,3081.2105263157896,29,57,30,2,3.0,15.333333333333334,42.333333333333336,4.333333333333333,0.0,Churned,High,Medium MRR,Small
A-7df7a7,Company_125,DevTools,US,2023-01-28,organic,Basic,7,False,True,Enterprise,30,5970,71640,annual,True,False,2024-12-28,922,10.131868131868131,256811,2822.098901098901,47,91,36,10,3.0,28.0,93.0,4.0,1.0,Churned,High,High MRR,Small
A-1ac5e0,Company_126,DevTools,US,2024-10-20,event,Basic,33,False,True,Enterprise,33,0,0,monthly,False,False,2024-12-30,558,9.964285714285714,167904,2998.285714285714,31,56,31,7,7.0,40.42857142857143,76.0,3.8,0.0,Churned,Medium,Low MRR,Large
A-52dd88,Company_127,Cybersecurity,US,2023-02-21,ads,Pro,23,False,False,Pro,30,1470,17640,annual,True,False,2024-12-04,516,10.32,180823,3616.46,33,50,28,4,1.0,72.0,111.0,,0.0,Retained,Medium,Medium MRR,Medium
A-bece89,Company_128,Cybersecurity,IN,2023-12-01,event,Pro,26,False,False,Pro,38,1862,22344,annual,True,False,2024-10-18,176,9.263157894736842,48112,2532.2105263157896,13,19,16,2,4.0,32.5,103.75,4.0,1.0,Retained,Low,Medium MRR,Large
A-029f69,Company_129,Cybersecurity,CA,2024-03-07,event,Basic,3,False,False,Basic,34,646,7752,annual,True,False,2024-12-31,789,9.392857142857142,241275,2872.3214285714284,42,84,37,9,2.0,42.0,108.0,3.0,0.0,Retained,High,Medium MRR,Small
A-5c046d,Company_130,EdTech,FR,2024-07-06,partner,Basic,93,False,False,Enterprise,93,18507,222084,annual,True,False,2024-12-20,475,10.326086956521738,127926,2781.0,23,46,27,5,1.0,13.0,128.0,3.0,0.0,Retained,Medium,High MRR,Large
A-fb186e,Company_131,EdTech,IN,2024-10-27,organic,Basic,29,False,False,Enterprise,29,0,0,annual,True,False,2024-12-28,207,10.35,72170,3608.5,7,20,15,3,6.0,26.166666666666668,81.0,3.6666666666666665,0.0,Retained,Low,Low MRR,Large
A-ae052e,Company_132,FinTech,CA,2023-09-11,other,Basic,39,False,False,Basic,39,0,0,annual,True,False,2024-12-17,300,10.344827586206897,88383,3047.689655172414,12,29,24,6,4.0,31.25,60.5,4.0,0.0,Retained,Low,Low MRR,Large
A-9f9299,Company_133,FinTech,US,2023-09-02,organic,Enterprise,28,True,False,Pro,28,1372,16464,annual,True,False,2024-11-18,830,9.764705882352942,258465,3040.764705882353,54,85,37,10,5.0,36.2,116.2,5.0,0.0,Retained,High,Medium MRR,Large
A-96e141,Company_134,DevTools,UK,2023-08-12,partner,Basic,14,False,False,Enterprise,25,4975,59700,monthly,True,False,2024-08-21,346,9.61111111111111,81587,2266.3055555555557,19,36,26,2,5.0,32.8,68.4,4.333333333333333,0.0,Retained,Low,High MRR,Medium
A-117171,Company_135,HealthTech,FR,2024-09-12,organic,Basic,45,False,True,Pro,45,2205,26460,annual,True,True,2024-12-14,208,9.904761904761905,59864,2850.6666666666665,11,21,15,1,6.0,32.5,68.33333333333333,3.6666666666666665,1.0,Churned,Low,High MRR,Large
A-313be3,Company_136,EdTech,US,2023-11-15,partner,Enterprise,47,True,False,Pro,47,2303,27636,monthly,True,False,2024-12-16,560,9.824561403508772,164545,2886.754385964912,40,57,33,3,4.0,22.5,80.25,5.0,1.0,Retained,Medium,High MRR,Large
A-671f31,Company_137,DevTools,US,2024-11-24,ads,Basic,59,False,False,Enterprise,82,0,0,annual,True,False,2024-12-28,167,9.823529411764707,43449,2555.823529411765,16,17,13,0,7.0,33.0,78.0,4.2,0.0,Retained,Low,Low MRR,Large
A-bbc346,Company_138,FinTech,US,2024-08-29,partner,Enterprise,19,False,False,Pro,19,0,0,annual,True,False,2024-12-24,650,10.483870967741936,179376,2893.1612903225805,37,62,34,6,3.0,45.333333333333336,102.66666666666667,4.5,0.0,Retained,High,Low MRR,Medium
A-c16101,Company_139,EdTech,IN,2024-09-06,other,Basic,7,False,False,Pro,7,343,4116,monthly,True,False,2024-12-25,561,10.2,185984,3381.5272727272727,29,55,31,9,4.0,28.0,82.0,5.0,1.0,Retained,Medium,Low MRR,Small
A-50f3f7,Company_140,HealthTech,US,2023-12-22,partner,Basic,31,False,True,Enterprise,31,6169,74028,annual,True,False,2024-12-17,685,9.51388888888889,206893,2873.5138888888887,45,72,30,7,6.0,37.833333333333336,67.83333333333333,5.0,1.0,Churned,High,High MRR,Large
A-7da956,Company_141,Cybersecurity,US,2024-06-02,event,Pro,13,True,False,Enterprise,15,2985,35820,monthly,True,False,2024-11-16,543,10.647058823529411,150431,2949.627450980392,35,51,28,4,3.0,32.666666666666664,88.0,5.0,0.0,Retained,Medium,High MRR,Medium
A-019782,Company_142,DevTools,FR,2023-04-19,event,Enterprise,11,False,False,Enterprise,15,0,0,annual,False,False,2024-12-04,562,10.218181818181819,160848,2924.509090909091,30,55,28,3,2.0,10.0,107.0,3.0,0.0,Retained,Medium,Low MRR,Medium
A-df10db,Company_143,DevTools,US,2023-06-06,other,Enterprise,2,True,False,Enterprise,12,2388,28656,monthly,True,False,2024-10-21,697,10.890625,214976,3359.0,40,64,31,2,2.0,68.5,86.5,3.0,1.0,Retained,High,High MRR,Small
A-3932db,Company_144,HealthTech,CA,2023-10-04,other,Pro,19,True,True,Enterprise,19,0,0,monthly,True,False,2024-12-31,434,9.434782608695652,134963,2933.978260869565,28,46,28,4,6.0,41.0,86.5,4.333333333333333,0.0,Churned,Medium,Low MRR,Medium
A-4f18f0,Company_145,DevTools,CA,2024-04-21,other,Pro,24,True,False,Basic,24,456,5472,monthly,True,False,2024-12-20,544,9.543859649122806,168051,2948.2631578947367,25,57,33,6,5.0,39.2,61.4,4.0,0.0,Retained,Medium,Low MRR,Medium
A-4c6f11,Company_146,FinTech,CA,2023-11-27,organic,Pro,24,True,True,Basic,24,456,5472,monthly,True,False,2024-08-01,268,11.166666666666666,84855,3535.625,4,24,20,1,3.0,44.666666666666664,63.0,4.333333333333333,0.0,Churned,Low,Low MRR,Medium
A-8ae05d,Company_147,FinTech,IN,2024-04-06,other,Enterprise,86,False,False,Enterprise,86,0,0,monthly,True,False,2024-12-13,203,10.15,77446,3872.3,10,20,16,1,1.0,47.0,48.0,4.0,0.0,Retained,Low,Low MRR,Large
A-b78bf8,Company_148,DevTools,US,2024-11-15,event,Pro,33,False,False,Pro,33,1617,19404,monthly,True,False,2024-12-28,421,10.023809523809524,123802,2947.6666666666665,11,42,24,7,5.0,24.2,88.8,4.2,0.0,Retained,Medium,Medium MRR,Large
A-eafc6e,Company_149,DevTools,US,2023-07-06,partner,Pro,27,False,True,Basic,30,0,0,monthly,True,False,2024-10-30,300,9.375,90218,2819.3125,15,32,23,3,1.0,64.0,136.0,,0.0,Churned,Low,Low MRR,Large
A-37f969,Company_150,HealthTech,IN,2023-10-14,partner,Enterprise,30,False,False,Enterprise,30,5970,71640,annual,True,False,2024-09-12,312,9.75,107852,3370.375,14,32,25,5,5.0,22.2,94.0,3.6666666666666665,1.0,Retained,Low,High MRR,Large
A-10b8f2,Company_151,HealthTech,DE,2023-01-11,organic,Basic,47,True,False,Pro,48,2352,28224,annual,True,False,2024-12-16,560,10.0,173183,3092.5535714285716,23,56,29,10,3.0,46.333333333333336,67.0,4.333333333333333,0.0,Retained,Medium,High MRR,Large
A-439b2f,Company_152,DevTools,US,2024-02-21,ads,Enterprise,1,False,True,Pro,26,1274,15288,monthly,True,False,2024-12-27,171,8.55,54271,2713.55,5,20,14,2,3.0,18.333333333333332,85.33333333333333,,0.0,Churned,Low,Medium MRR,Small
A-544d0a,Company_153,DevTools,US,2024-05-02,organic,Basic,2,True,False,Enterprise,2,398,4776,annual,False,False,2024-12-19,510,10.851063829787234,152826,3251.6170212765956,22,47,27,7,2.0,38.5,98.0,4.0,1.0,Retained,Medium,Low MRR,Small
A-ba6516,Company_154,FinTech,US,2023-10-29,ads,Pro,27,False,False,Enterprise,27,5373,64476,annual,True,False,2024-11-24,642,10.7,213554,3559.233333333333,32,60,31,8,6.0,31.5,71.0,4.0,0.0,Retained,High,High MRR,Large
A-712426,Company_155,HealthTech,US,2024-11-10,other,Enterprise,9,False,False,Enterprise,63,0,0,annual,True,False,2024-12-31,696,9.942857142857143,214681,3066.8714285714286,31,70,32,6,6.0,37.333333333333336,79.16666666666667,4.4,0.0,Retained,High,Low MRR,Small
A-038089,Company_156,DevTools,FR,2023-12-19,other,Pro,5,False,True,Basic,5,95,1140,annual,True,False,2024-12-30,210,10.5,63673,3183.65,15,20,15,1,6.0,30.166666666666668,86.16666666666667,3.6666666666666665,0.0,Churned,Low,Low MRR,Small
A-afa505,Company_157,DevTools,US,2023-12-27,partner,Basic,70,True,False,Enterprise,70,13930,167160,monthly,False,False,2024-11-19,507,9.941176470588236,162673,3189.6666666666665,28,51,33,8,4.0,37.25,88.25,3.0,1.0,Retained,Medium,High MRR,Large
A-d5a319,Company_158,FinTech,US,2023-05-04,other,Enterprise,15,False,True,Enterprise,15,2985,35820,annual,True,False,2024-11-19,604,10.23728813559322,212655,3604.322033898305,43,59,32,5,1.0,17.0,132.0,4.0,1.0,Churned,High,High MRR,Medium
A-f97b9a,Company_159,FinTech,US,2023-07-09,event,Pro,16,False,False,Pro,16,784,9408,annual,True,False,2024-12-08,561,10.017857142857142,173241,3093.589285714286,33,56,29,6,7.0,31.714285714285715,69.85714285714286,3.6666666666666665,0.0,Retained,Medium,Medium MRR,Medium
A-2f6a32,Company_160,HealthTech,US,2024-08-26,organic,Basic,19,False,False,Basic,19,361,4332,annual,True,False,2024-12-08,654,9.909090909090908,207283,3140.651515151515,46,66,32,6,2.0,41.0,72.0,3.5,0.0,Retained,High,Low MRR,Medium
A-856b1e,Company_161,FinTech,US,2023-10-31,partner,Basic,19,False,False,Basic,19,0,0,monthly,True,False,2024-10-17,230,10.0,63418,2757.304347826087,24,23,17,4,5.0,36.0,79.4,,1.0,Retained,Low,Low MRR,Medium
A-17939a,Company_162,HealthTech,US,2024-12-26,organic,Basic,1,False,False,Basic,14,266,3192,annual,True,False,2024-12-31,440,9.361702127659575,121725,2589.8936170212764,43,47,25,5,7.0,38.0,83.42857142857143,4.5,0.0,Retained,Medium,Low MRR,Small
A-d27f50,Company_163,Cybersecurity,UK,2024-07-20,ads,Enterprise,44,False,False,Basic,44,836,10032,annual,False,True,2024-12-29,481,9.62,170101,3402.02,31,50,29,4,4.0,37.5,116.5,3.75,0.0,Retained,Medium,Medium MRR,Large
A-e36807,Company_164,EdTech,AU,2024-05-17,other,Pro,6,False,False,Enterprise,9,1791,21492,monthly,True,False,2024-12-23,446,9.10204081632653,140849,2874.469387755102,27,49,27,4,2.0,41.0,152.0,4.5,0.0,Retained,Medium,Medium MRR,Small
A-ff79f2,Company_165,DevTools,US,2024-04-25,ads,Basic,8,False,True,Enterprise,19,3781,45372,annual,True,True,2024-12-31,393,9.585365853658537,133848,3264.5853658536585,12,41,24,4,2.0,50.0,82.5,,0.0,Churned,Low,High MRR,Small
A-5b1bcd,Company_166,DevTools,US,2023-09-16,organic,Pro,73,False,False,Pro,73,3577,42924,annual,False,False,2024-12-31,869,10.104651162790697,251284,2921.906976744186,54,86,34,6,4.0,43.25,92.5,4.5,0.0,Retained,High,High MRR,Large
A-71615e,Company_167,EdTech,US,2024-05-18,organic,Basic,15,False,False,Pro,15,735,8820,annual,True,False,2024-12-06,620,10.0,194799,3141.9193548387098,41,62,29,4,1.0,49.0,77.0,,0.0,Retained,High,Medium MRR,Medium
A-794a0b,Company_168,HealthTech,DE,2023-06-02,organic,Basic,23,False,False,Enterprise,31,6169,74028,monthly,True,False,2024-07-05,347,9.131578947368421,94200,2478.9473684210525,31,38,28,1,0.0,,,,0.0,Retained,Low,High MRR,Medium
A-86902e,Company_169,HealthTech,IN,2023-05-02,other,Enterprise,34,False,False,Enterprise,34,6766,81192,annual,True,False,2024-12-11,628,9.968253968253968,202329,3211.5714285714284,36,63,32,6,9.0,40.888888888888886,71.44444444444444,3.5,0.0,Retained,High,High MRR,Large
A-0532a9,Company_170,FinTech,IN,2024-09-25,event,Pro,19,False,False,Pro,19,931,11172,annual,False,False,2024-12-26,519,9.61111111111111,157792,2922.074074074074,30,54,30,7,8.0,30.75,73.375,3.0,0.0,Retained,Medium,Medium MRR,Medium
A-9779ad,Company_171,Cybersecurity,AU,2024-03-29,event,Pro,40,True,True,Enterprise,40,7960,95520,monthly,False,False,2024-12-16,413,9.604651162790697,109079,2536.720930232558,25,43,29,3,3.0,20.666666666666668,116.33333333333333,5.0,0.0,Churned,Low,High MRR,Large
A-f45426,Company_172,HealthTech,US,2024-08-05,organic,Basic,9,False,False,Pro,9,441,5292,monthly,False,False,2024-12-29,624,10.229508196721312,191651,3141.8196721311474,49,61,33,5,3.0,17.0,69.0,4.0,0.0,Retained,High,Low MRR,Small
A-c1e51e,Company_173,FinTech,US,2024-10-02,organic,Basic,3,False,False,Basic,41,779,9348,annual,True,True,2024-12-29,518,10.36,152228,3044.56,36,50,28,7,5.0,40.0,75.6,3.2,0.0,Retained,Medium,Medium MRR,Small
A-fa3095,Company_174,FinTech,US,2023-09-03,ads,Basic,70,False,False,Basic,70,1330,15960,annual,True,False,2024-12-30,600,10.169491525423728,202100,3425.423728813559,42,59,31,5,5.0,49.2,84.0,5.0,0.0,Retained,High,Medium MRR,Large
A-ad64c6,Company_175,DevTools,UK,2024-02-23,event,Pro,12,False,False,Enterprise,28,5572,66864,annual,True,False,2024-11-20,215,10.75,79605,3980.25,18,20,16,2,4.0,34.0,98.5,5.0,0.0,Retained,Low,High MRR,Medium
A-39b19f,Company_176,FinTech,US,2023-02-03,partner,Enterprise,1,False,False,Basic,13,247,2964,monthly,True,False,2024-11-07,530,9.636363636363637,135061,2455.6545454545453,37,55,30,5,6.0,47.833333333333336,87.5,4.25,1.0,Retained,Medium,Low MRR,Small
A-56962b,Company_177,EdTech,UK,2024-04-09,partner,Enterprise,163,False,False,Enterprise,163,32437,389244,monthly,True,False,2024-12-15,271,9.344827586206897,81944,2825.655172413793,25,29,16,4,4.0,37.5,105.5,3.0,0.0,Retained,Low,High MRR,Large
A-e60f9d,Company_178,FinTech,US,2024-08-26,other,Basic,29,False,False,Basic,38,722,8664,annual,True,True,2024-12-25,629,10.14516129032258,158587,2557.8548387096776,24,62,30,5,2.0,70.5,106.5,,0.0,Retained,High,Medium MRR,Large
A-88c6ca,Company_179,FinTech,DE,2024-10-25,ads,Basic,5,False,True,Pro,23,1127,13524,annual,True,False,2024-12-23,446,10.372093023255815,130195,3027.7906976744184,19,43,27,8,1.0,56.0,12.0,,0.0,Churned,Medium,Medium MRR,Small
A-158f4e,Company_180,FinTech,IN,2023-03-03,other,Enterprise,61,False,False,Enterprise,61,12139,145668,monthly,True,False,2024-11-23,453,9.244897959183673,124458,2539.9591836734694,29,49,32,3,5.0,27.6,126.0,4.333333333333333,0.0,Retained,Medium,High MRR,Large
A-5b051a,Company_181,Cybersecurity,US,2024-08-05,event,Enterprise,22,False,False,Pro,22,1078,12936,monthly,True,False,2024-12-29,171,10.6875,44864,2804.0,17,16,14,3,1.0,2.0,2.0,3.0,0.0,Retained,Low,Medium MRR,Medium
A-296d7c,Company_182,DevTools,DE,2023-11-08,other,Enterprise,2,False,False,Pro,6,294,3528,annual,True,False,2024-11-26,357,10.818181818181818,124753,3780.3939393939395,18,33,21,7,5.0,50.4,105.2,3.75,0.0,Retained,Low,Low MRR,Small
A-1619f8,Company_183,DevTools,US,2024-05-20,organic,Pro,29,False,False,Basic,29,551,6612,monthly,True,False,2024-11-28,432,10.285714285714286,142787,3399.690476190476,26,42,27,2,3.0,42.0,81.0,5.0,0.0,Retained,Medium,Medium MRR,Large
A-a1b80b,Company_184,HealthTech,US,2023-11-27,organic,Basic,16,False,False,Pro,16,0,0,annual,True,False,2024-11-07,749,10.402777777777779,222610,3091.8055555555557,48,72,33,5,4.0,41.0,72.5,4.0,0.0,Retained,High,Low MRR,Medium
A-139c3b,Company_185,HealthTech,US,2024-11-21,organic,Enterprise,10,True,True,Basic,21,0,0,annual,True,False,2024-12-30,478,10.863636363636363,150601,3422.75,16,44,27,7,9.0,28.444444444444443,66.11111111111111,4.5,0.0,Churned,Medium,Low MRR,Small
A-702032,Company_186,HealthTech,US,2023-10-03,ads,Pro,28,False,False,Pro,28,1372,16464,annual,True,True,2024-12-13,285,10.961538461538462,91776,3529.846153846154,15,26,19,1,4.0,26.0,98.25,3.0,0.0,Retained,Low,Medium MRR,Large
A-7a0d69,Company_187,DevTools,DE,2024-06-15,ads,Enterprise,4,True,True,Enterprise,16,3184,38208,monthly,True,False,2024-12-10,606,9.934426229508198,179167,2937.1639344262294,31,61,31,5,2.0,29.0,52.5,5.0,0.0,Churned,High,High MRR,Small
A-22d9d2,Company_188,DevTools,FR,2024-03-22,event,Pro,8,False,False,Pro,32,1568,18816,monthly,True,True,2024-12-17,782,10.426666666666666,239679,3195.72,43,75,35,6,6.0,16.0,88.0,4.0,1.0,Retained,High,Medium MRR,Small
A-b9eed8,Company_189,Cybersecurity,US,2024-02-23,organic,Basic,11,False,False,Basic,18,342,4104,monthly,True,False,2024-11-30,623,10.21311475409836,168474,2761.8688524590166,55,61,29,9,5.0,29.2,103.8,3.75,1.0,Retained,High,Low MRR,Medium
A-dfbd31,Company_190,DevTools,UK,2023-12-04,partner,Enterprise,14,False,False,Basic,14,266,3192,monthly,True,False,2024-12-09,599,11.092592592592593,182273,3375.425925925926,19,54,27,7,6.0,29.666666666666668,129.83333333333334,4.25,0.0,Retained,High,Low MRR,Medium
A-8e47ca,Company_191,HealthTech,US,2024-02-15,organic,Pro,19,False,False,Enterprise,25,4975,59700,monthly,True,True,2024-11-03,441,9.58695652173913,133497,2902.108695652174,35,46,29,2,5.0,33.4,80.6,4.0,1.0,Retained,Medium,High MRR,Medium
A-4437e4,Company_192,Cybersecurity,US,2023-09-16,event,Enterprise,3,False,False,Basic,9,171,2052,annual,True,False,2024-12-23,806,9.710843373493976,260271,3135.7951807228915,43,83,37,8,6.0,34.666666666666664,125.33333333333333,3.0,2.0,Retained,High,Low MRR,Small
A-779e4e,Company_193,HealthTech,US,2023-01-02,organic,Basic,5,False,False,Basic,98,1862,22344,annual,True,False,2024-09-18,393,8.931818181818182,111038,2523.590909090909,20,44,28,6,5.0,26.6,91.6,4.0,0.0,Retained,Low,Medium MRR,Small
A-53f4e3,Company_194,Cybersecurity,UK,2024-06-14,event,Enterprise,13,False,False,Pro,29,1421,17052,monthly,True,False,2024-12-22,410,9.318181818181818,127529,2898.3863636363635,45,44,29,1,5.0,28.6,99.0,4.0,0.0,Retained,Low,Medium MRR,Medium
A-692f18,Company_195,EdTech,US,2024-03-28,other,Basic,5,True,True,Enterprise,28,5572,66864,annual,True,True,2024-12-15,871,10.011494252873563,261911,3010.4712643678163,55,87,36,9,2.0,37.5,120.0,5.0,0.0,Churned,High,High MRR,Small
A-13466a,Company_196,DevTools,AU,2023-10-22,event,Basic,2,False,True,Basic,9,171,2052,annual,True,False,2024-09-20,205,9.318181818181818,57539,2615.409090909091,14,22,17,2,3.0,32.333333333333336,94.33333333333333,4.333333333333333,1.0,Churned,Low,Low MRR,Small
A-1986ca,Company_197,HealthTech,IN,2023-01-30,ads,Pro,20,False,False,Enterprise,20,3980,47760,monthly,False,False,2024-09-24,362,9.783783783783784,102382,2767.0810810810813,23,37,26,5,7.0,36.57142857142857,106.57142857142857,3.4,0.0,Retained,Low,High MRR,Medium
A-0cc442,Company_198,EdTech,US,2024-07-18,organic,Basic,45,False,False,Enterprise,45,8955,107460,annual,True,False,2024-12-18,765,9.935064935064934,230759,2996.87012987013,41,77,34,7,3.0,37.0,47.333333333333336,3.0,0.0,Retained,High,High MRR,Large
A-c608c8,Company_199,DevTools,DE,2023-04-27,ads,Pro,3,False,True,Pro,21,1029,12348,annual,True,False,2024-10-12,445,10.348837209302326,144345,3356.860465116279,27,43,29,5,2.0,59.0,66.0,3.0,0.0,Churned,Medium,Medium MRR,Small
A-3be56b,Company_200,HealthTech,IN,2023-10-26,event,Pro,3,False,True,Basic,20,380,4560,annual,False,False,2024-12-01,528,9.6,169908,3089.2363636363634,33,55,28,8,4.0,40.25,74.0,3.5,0.0,Churned,Medium,Low MRR,Small
A-354f12,Company_201,FinTech,US,2024-04-28,ads,Pro,1,True,False,Basic,7,133,1596,monthly,True,False,2024-11-08,158,10.533333333333333,48510,3234.0,3,15,14,1,2.0,56.5,137.5,,0.0,Retained,Low,Low MRR,Small
A-68f37c,Company_202,HealthTech,US,2023-07-15,ads,Basic,4,False,False,Enterprise,4,796,9552,monthly,True,False,2024-10-05,624,9.6,202756,3119.3230769230768,40,65,30,6,5.0,20.2,119.8,4.0,0.0,Retained,High,Medium MRR,Small
A-aa9511,Company_203,DevTools,US,2023-10-10,other,Pro,23,True,False,Enterprise,30,5970,71640,monthly,False,False,2024-12-12,625,9.615384615384615,189526,2915.7846153846153,35,65,33,5,2.0,56.5,98.5,4.0,0.0,Retained,High,High MRR,Medium
A-af0cd2,Company_204,Cybersecurity,IN,2023-01-03,other,Enterprise,19,True,False,Basic,57,1083,12996,annual,True,False,2024-10-05,687,9.814285714285715,225366,3219.5142857142855,33,70,31,8,3.0,54.333333333333336,149.33333333333334,,0.0,Retained,High,Medium MRR,Medium
A-bd4513,Company_205,DevTools,AU,2024-11-06,event,Enterprise,50,True,False,Basic,50,950,11400,annual,True,False,2024-12-30,507,9.941176470588236,157547,3089.156862745098,34,51,28,4,3.0,42.0,58.666666666666664,4.666666666666667,0.0,Retained,Medium,Medium MRR,Large
A-c222ab,Company_206,Cybersecurity,US,2024-05-10,other,Pro,32,False,True,Pro,32,1568,18816,monthly,True,False,2024-12-27,435,9.666666666666666,133441,2965.3555555555554,33,45,27,6,4.0,39.0,94.5,5.0,0.0,Churned,Medium,Medium MRR,Large
A-34d880,Company_207,Cybersecurity,AU,2024-04-11,ads,Enterprise,4,False,False,Enterprise,5,995,11940,monthly,True,False,2024-10-21,474,10.085106382978724,144424,3072.851063829787,40,47,29,3,5.0,52.2,90.8,3.0,0.0,Retained,Medium,Medium MRR,Small
A-508199,Company_208,FinTech,AU,2024-01-28,event,Basic,19,False,False,Enterprise,19,0,0,monthly,True,False,2024-12-11,231,9.625,80389,3349.5416666666665,15,24,16,2,3.0,50.666666666666664,67.33333333333333,3.0,0.0,Retained,Low,Low MRR,Medium
A-f03140,Company_209,DevTools,IN,2023-11-22,event,Pro,27,True,False,Pro,27,0,0,annual,True,False,2024-11-06,595,10.43859649122807,196965,3455.5263157894738,22,57,32,4,7.0,36.0,113.14285714285714,3.6666666666666665,0.0,Retained,High,Low MRR,Large
A-410e86,Company_210,FinTech,US,2024-11-10,organic,Basic,24,False,False,Enterprise,24,4776,57312,monthly,False,False,2024-12-25,292,9.733333333333333,107443,3581.4333333333334,21,30,22,3,5.0,42.6,110.0,3.5,0.0,Retained,Low,High MRR,Medium
A-fa2041,Company_211,HealthTech,US,2024-05-29,organic,Pro,15,True,False,Pro,39,0,0,annual,True,False,2024-12-05,552,9.049180327868852,157263,2578.0819672131147,34,61,34,6,1.0,16.0,99.0,3.0,0.0,Retained,Medium,Low MRR,Medium
A-de58ca,Company_212,HealthTech,DE,2023-04-13,organic,Enterprise,15,False,False,Enterprise,36,7164,85968,annual,True,False,2024-09-01,505,10.306122448979592,141942,2896.7755102040815,33,49,28,7,5.0,30.6,115.0,3.3333333333333335,0.0,Retained,Medium,High MRR,Medium
A-05d3b3,Company_213,DevTools,AU,2023-05-28,ads,Basic,9,True,False,Enterprise,19,3781,45372,annual,True,False,2024-10-01,642,10.03125,193363,3021.296875,22,64,32,4,6.0,31.5,48.333333333333336,4.333333333333333,0.0,Retained,High,High MRR,Small
A-249769,Company_214,Cybersecurity,US,2024-04-25,event,Enterprise,4,False,True,Basic,7,133,1596,annual,True,False,2024-11-21,678,9.970588235294118,193777,2849.6617647058824,30,68,31,3,2.0,39.5,96.5,4.0,0.0,Churned,High,Low MRR,Small
A-e43bf7,Company_215,Cybersecurity,AU,2023-03-24,other,Pro,44,False,False,Enterprise,44,8756,105072,annual,True,False,2024-12-29,371,9.275,103455,2586.375,35,40,26,2,5.0,27.4,80.0,4.0,1.0,Retained,Low,High MRR,Large
A-eb2fdc,Company_216,DevTools,AU,2023-11-21,organic,Enterprise,31,False,True,Basic,31,589,7068,annual,True,False,2024-12-19,547,10.12962962962963,174663,3234.5,17,54,29,3,5.0,33.6,37.6,4.5,0.0,Churned,Medium,Medium MRR,Large
A-e1462e,Company_217,FinTech,UK,2023-03-12,partner,Basic,15,False,False,Basic,15,285,3420,annual,False,False,2024-11-20,347,9.914285714285715,98097,2802.7714285714287,22,35,26,4,2.0,39.5,118.5,3.5,0.0,Retained,Low,Low MRR,Medium
A-cab532,Company_218,DevTools,FR,2023-04-03,organic,Pro,11,True,False,Pro,35,1715,20580,annual,True,False,2024-12-16,1005,9.950495049504951,273639,2709.29702970297,47,101,38,7,1.0,32.0,175.0,4.0,0.0,Retained,High,Medium MRR,Medium
A-9123ac,Company_219,Cybersecurity,DE,2023-06-20,organic,Pro,9,False,False,Enterprise,18,3582,42984,annual,True,False,2024-10-21,386,10.432432432432432,120014,3243.6216216216217,24,37,28,4,6.0,38.833333333333336,91.66666666666667,4.2,0.0,Retained,Low,High MRR,Small
A-6e08f3,Company_220,Cybersecurity,US,2023-02-27,event,Basic,8,False,False,Basic,13,247,2964,annual,True,False,2024-12-27,492,9.84,149078,2981.56,21,50,28,7,2.0,36.5,137.0,3.5,0.0,Retained,Medium,Low MRR,Small
A-d922bf,Company_221,HealthTech,US,2023-09-08,ads,Basic,5,True,True,Enterprise,9,1791,21492,annual,True,False,2024-12-10,419,10.21951219512195,134119,3271.1951219512193,19,41,24,3,7.0,39.142857142857146,101.14285714285714,3.3333333333333335,1.0,Churned,Medium,Medium MRR,Small
A-8ed5dd,Company_222,EdTech,UK,2023-06-29,event,Enterprise,5,False,True,Basic,15,285,3420,monthly,True,False,2024-11-27,545,9.909090909090908,173217,3149.4,45,55,29,2,6.0,29.0,96.83333333333333,3.75,0.0,Churned,Medium,Low MRR,Small
A-7c6b6b,Company_223,FinTech,US,2024-11-30,other,Basic,6,False,False,Pro,23,1127,13524,monthly,True,False,2024-12-28,311,8.885714285714286,82471,2356.3142857142857,24,35,22,5,5.0,52.2,82.4,4.333333333333333,0.0,Retained,Low,Medium MRR,Small
A-3c1a3f,Company_224,DevTools,UK,2023-08-26,event,Pro,1,False,False,Basic,7,133,1596,annual,False,False,2024-10-26,497,9.745098039215685,172341,3379.235294117647,22,51,31,5,4.0,33.25,56.5,3.5,0.0,Retained,Medium,Low MRR,Small
A-b48f73,Company_225,EdTech,AU,2024-11-13,event,Pro,80,True,False,Pro,80,3920,47040,annual,False,False,2024-12-27,412,9.363636363636363,118416,2691.2727272727275,23,44,24,3,3.0,28.666666666666668,35.333333333333336,4.0,0.0,Retained,Low,High MRR,Large
A-76fa4d,Company_226,HealthTech,US,2024-11-24,event,Pro,69,False,False,Pro,69,3381,40572,monthly,True,False,2024-12-24,357,9.916666666666666,126251,3506.972222222222,21,36,21,4,5.0,33.4,111.8,4.5,0.0,Retained,Low,High MRR,Large
A-b2af2e,Company_227,Cybersecurity,UK,2024-08-24,event,Enterprise,5,False,False,Basic,54,1026,12312,annual,False,False,2024-12-31,174,9.666666666666666,60214,3345.222222222222,11,18,14,4,2.0,39.5,95.0,4.0,0.0,Retained,Low,Medium MRR,Small
A-9bfc9f,Company_228,DevTools,CA,2023-09-14,ads,Pro,53,False,False,Pro,60,2940,35280,monthly,True,False,2024-07-30,376,10.162162162162161,109862,2969.2432432432433,18,37,23,4,6.0,35.333333333333336,84.33333333333333,3.3333333333333335,1.0,Retained,Low,High MRR,Large
A-4ae22a,Company_229,EdTech,US,2024-05-09,other,Pro,6,False,True,Basic,28,532,6384,annual,True,False,2024-12-23,369,10.542857142857143,142387,4068.2,31,35,24,6,3.0,14.333333333333334,72.66666666666667,3.0,0.0,Churned,Low,Medium MRR,Small
A-fda07f,Company_230,Cybersecurity,FR,2024-08-11,partner,Basic,7,False,False,Basic,14,266,3192,monthly,True,False,2024-12-30,681,10.476923076923077,231376,3559.630769230769,39,65,31,4,5.0,17.8,57.0,4.0,0.0,Retained,High,Low MRR,Small
A-de24d5,Company_231,DevTools,US,2024-11-05,other,Enterprise,5,True,False,Pro,5,245,2940,monthly,False,False,2024-12-28,537,10.132075471698114,140266,2646.5283018867926,28,53,29,6,7.0,43.142857142857146,103.42857142857143,3.0,0.0,Retained,Medium,Low MRR,Small
A-977ca0,Company_232,HealthTech,IN,2023-02-20,partner,Basic,6,False,True,Pro,14,686,8232,annual,True,True,2024-11-24,893,10.505882352941176,242860,2857.176470588235,46,85,38,13,3.0,64.0,123.0,4.0,0.0,Churned,High,Medium MRR,Small
A-ab438f,Company_233,Cybersecurity,US,2024-09-13,ads,Enterprise,13,False,True,Pro,77,0,0,monthly,True,False,2024-12-27,369,10.25,111452,3095.8888888888887,12,36,25,3,2.0,33.5,112.5,3.5,0.0,Churned,Low,Low MRR,Medium
A-e89151,Company_234,FinTech,UK,2023-09-14,organic,Pro,8,True,True,Enterprise,44,8756,105072,annual,True,False,2024-12-17,601,10.362068965517242,188786,3254.9310344827586,29,58,30,13,2.0,41.5,48.5,5.0,0.0,Churned,High,High MRR,Small
A-40906c,Company_235,EdTech,US,2024-03-27,ads,Basic,92,False,False,Pro,92,4508,54096,annual,True,False,2024-12-01,685,10.873015873015873,210243,3337.190476190476,32,63,32,7,5.0,29.2,95.0,3.75,0.0,Retained,High,High MRR,Large
A-81edc3,Company_236,Cybersecurity,IN,2023-10-30,ads,Basic,5,False,False,Enterprise,5,995,11940,annual,True,False,2024-12-16,765,10.337837837837839,245080,3311.891891891892,41,74,33,11,3.0,52.666666666666664,70.0,4.0,0.0,Retained,High,Medium MRR,Small
A-328bd0,Company_237,HealthTech,AU,2023-05-16,partner,Enterprise,18,False,False,Pro,18,882,10584,annual,True,False,2024-12-18,568,9.311475409836065,162210,2659.1803278688526,49,61,30,5,5.0,46.0,68.2,3.6666666666666665,0.0,Retained,Medium,Medium MRR,Medium
A-b3fe05,Company_238,Cybersecurity,CA,2024-05-28,partner,Pro,8,False,False,Basic,19,0,0,annual,False,False,2024-12-20,438,10.186046511627907,141962,3301.4418604651164,18,43,29,8,4.0,48.25,94.25,3.0,0.0,Retained,Medium,Low MRR,Small
A-09540c,Company_239,Cybersecurity,CA,2023-10-30,event,Basic,67,True,False,Pro,67,3283,39396,monthly,True,False,2024-12-22,297,10.607142857142858,94696,3382.0,16,28,20,3,2.0,28.0,89.0,4.5,0.0,Retained,Low,High MRR,Large
A-e693b6,Company_240,FinTech,AU,2023-05-25,event,Enterprise,55,False,True,Enterprise,55,10945,131340,annual,True,False,2024-11-19,681,11.163934426229508,206167,3379.7868852459014,25,61,31,4,1.0,1.0,144.0,3.0,0.0,Churned,High,High MRR,Large
A-2446e3,Company_241,EdTech,IN,2024-01-10,organic,Pro,27,False,False,Enterprise,27,5373,64476,monthly,True,False,2024-12-09,496,10.333333333333334,151037,3146.6041666666665,32,48,28,5,3.0,28.666666666666668,104.66666666666667,4.0,0.0,Retained,Medium,High MRR,Large
A-241e75,Company_242,EdTech,US,2024-07-03,partner,Enterprise,3,False,False,Basic,5,95,1140,monthly,True,False,2024-10-19,266,9.5,100257,3580.6071428571427,20,28,17,2,4.0,31.5,101.0,4.5,0.0,Retained,Low,Low MRR,Small
A-922109,Company_243,Cybersecurity,US,2024-01-26,ads,Pro,3,False,False,Basic,5,0,0,monthly,True,False,2024-12-01,819,10.367088607594937,274464,3474.227848101266,34,79,35,4,3.0,25.333333333333332,127.0,3.0,0.0,Retained,High,Low MRR,Small
A-ff3c73,Company_244,HealthTech,AU,2023-01-26,other,Pro,21,False,False,Basic,21,399,4788,annual,True,False,2024-10-20,408,10.2,143989,3599.725,23,40,29,5,2.0,35.5,97.5,3.5,0.0,Retained,Low,Low MRR,Medium
A-8b0451,Company_245,FinTech,UK,2024-09-16,event,Enterprise,41,False,False,Enterprise,41,8159,97908,annual,True,False,2024-12-22,606,10.1,177930,2965.5,45,60,32,6,7.0,26.571428571428573,83.71428571428571,3.5,0.0,Retained,High,High MRR,Large
A-331424,Company_246,DevTools,US,2023-11-06,organic,Basic,11,False,False,Pro,11,0,0,monthly,False,False,2024-11-04,214,10.7,76170,3808.5,9,20,17,3,2.0,24.5,98.5,,0.0,Retained,Low,Low MRR,Medium
A-51ec1b,Company_247,DevTools,US,2023-11-08,ads,Enterprise,7,False,False,Enterprise,17,3383,40596,annual,True,False,2024-11-12,283,10.107142857142858,111162,3970.0714285714284,12,28,19,3,3.0,52.333333333333336,150.0,5.0,1.0,Retained,Low,High MRR,Small
A-bcf664,Company_248,DevTools,US,2023-05-19,other,Pro,5,False,False,Pro,47,2303,27636,annual,True,False,2024-12-12,575,10.267857142857142,181920,3248.5714285714284,28,56,31,5,5.0,36.0,110.6,4.0,1.0,Retained,Medium,High MRR,Small
A-90a8c8,Company_249,FinTech,AU,2024-08-24,organic,Pro,15,False,False,Enterprise,15,2985,35820,monthly,False,False,2024-12-03,404,9.853658536585366,127486,3109.4146341463415,20,41,23,4,4.0,45.0,29.5,3.25,0.0,Retained,Low,High MRR,Medium
A-86cdb4,Company_250,DevTools,DE,2024-09-22,partner,Basic,2,False,False,Basic,17,323,3876,monthly,True,False,2024-12-31,492,10.040816326530612,167226,3412.7755102040815,24,49,27,6,5.0,26.4,105.8,4.333333333333333,0.0,Retained,Medium,Low MRR,Small
A-4bfa33,Company_251,Cybersecurity,US,2024-12-07,event,Basic,8,True,False,Enterprise,8,0,0,annual,True,False,2024-12-25,329,9.13888888888889,78244,2173.4444444444443,17,36,23,6,4.0,16.5,84.75,3.6666666666666665,0.0,Retained,Low,Low MRR,Small
A-dbc825,Company_252,EdTech,FR,2024-01-07,partner,Enterprise,19,False,False,Basic,19,361,4332,annual,True,False,2024-11-25,730,10.13888888888889,212801,2955.5694444444443,58,72,34,8,6.0,49.5,108.16666666666667,4.0,1.0,Retained,High,Low MRR,Medium
A-c70870,Company_253,Cybersecurity,US,2024-10-22,partner,Basic,31,False,False,Enterprise,170,33830,405960,monthly,True,False,2024-12-29,334,9.823529411764707,106338,3127.5882352941176,18,34,23,4,5.0,35.6,105.8,4.0,0.0,Retained,Low,High MRR,Large
A-7c4956,Company_254,DevTools,US,2023-05-06,ads,Enterprise,5,False,True,Basic,27,513,6156,annual,True,False,2024-12-20,475,10.555555555555555,129707,2882.3777777777777,40,45,27,6,3.0,13.666666666666666,66.66666666666667,4.0,0.0,Churned,Medium,Medium MRR,Small
A-0651a4,Company_255,HealthTech,FR,2024-10-16,organic,Pro,16,False,False,Enterprise,65,12935,155220,annual,True,False,2024-12-25,705,10.217391304347826,201426,2919.217391304348,37,69,34,8,4.0,29.25,48.5,4.0,0.0,Retained,High,High MRR,Medium
A-3ce5b8,Company_256,FinTech,IN,2023-09-07,ads,Basic,8,False,True,Enterprise,8,0,0,annual,True,False,2024-10-03,509,10.18,147802,2956.04,29,50,29,5,10.0,42.5,101.8,3.7142857142857144,0.0,Churned,Medium,Low MRR,Small
A-bd4708,Company_257,FinTech,US,2024-07-21,ads,Pro,37,True,False,Enterprise,37,7363,88356,monthly,True,False,2024-12-18,653,10.203125,201897,3154.640625,30,64,33,7,4.0,24.0,90.75,3.5,0.0,Retained,High,High MRR,Large
A-993085,Company_258,HealthTech,US,2023-06-01,ads,Basic,31,True,False,Enterprise,42,8358,100296,monthly,False,True,2024-10-22,665,9.5,216015,3085.9285714285716,50,70,33,7,4.0,46.5,82.0,3.5,0.0,Retained,High,High MRR,Large
A-92a3af,Company_259,Cybersecurity,IN,2024-07-07,organic,Enterprise,25,False,False,Pro,25,1225,14700,monthly,True,False,2024-11-24,714,10.656716417910447,218189,3256.5522388059703,55,67,35,8,4.0,57.5,39.0,4.0,1.0,Retained,High,Medium MRR,Medium
A-151c9a,Company_260,FinTech,US,2023-01-27,ads,Enterprise,23,False,False,Pro,52,2548,30576,monthly,False,False,2024-06-26,366,10.764705882352942,120907,3556.0882352941176,14,34,28,1,2.0,31.0,156.5,3.5,0.0,Retained,Low,High MRR,Medium
A-474ad4,Company_261,EdTech,US,2023-11-28,organic,Basic,8,False,False,Enterprise,24,4776,57312,annual,False,False,2024-12-29,605,9.453125,183355,2864.921875,45,64,34,6,3.0,33.0,50.666666666666664,5.0,1.0,Retained,High,High MRR,Small
A-4ef964,Company_262,HealthTech,US,2024-03-07,organic,Pro,17,False,False,Pro,28,1372,16464,monthly,True,False,2024-11-15,487,9.938775510204081,150663,3074.7551020408164,33,49,31,6,3.0,42.666666666666664,86.33333333333333,4.0,0.0,Retained,Medium,Medium MRR,Medium
A-fd9422,Company_263,Cybersecurity,US,2024-04-04,organic,Pro,58,False,False,Pro,58,2842,34104,annual,True,False,2024-12-20,456,10.363636363636363,143313,3257.1136363636365,21,44,27,5,6.0,44.333333333333336,116.83333333333333,3.5,1.0,Retained,Medium,High MRR,Large
A-0baac2,Company_264,FinTech,DE,2024-05-30,organic,Enterprise,14,False,True,Enterprise,14,2786,33432,annual,True,False,2024-12-11,202,9.619047619047619,73161,3483.8571428571427,9,21,19,0,6.0,43.5,89.0,4.333333333333333,0.0,Churned,Low,High MRR,Medium
A-bb1486,Company_265,HealthTech,US,2024-11-05,organic,Basic,41,False,False,Pro,67,3283,39396,annual,True,False,2024-12-25,405,9.642857142857142,118945,2832.0238095238096,36,42,24,5,3.0,11.0,78.0,3.0,0.0,Retained,Low,High MRR,Large
A-560d27,Company_266,DevTools,US,2024-05-05,organic,Pro,23,False,False,Basic,29,0,0,annual,True,False,2024-12-17,587,9.94915254237288,185616,3146.0338983050847,38,59,27,6,4.0,30.75,59.75,3.6666666666666665,0.0,Retained,High,Low MRR,Medium
A-0b0d6d,Company_267,DevTools,US,2024-12-30,organic,Pro,3,False,False,Pro,18,882,10584,monthly,True,False,2024-12-31,582,9.387096774193548,162411,2619.532258064516,48,62,32,9,5.0,31.4,90.4,4.0,1.0,Retained,High,Medium MRR,Small
A-2789e3,Company_268,FinTech,US,2024-09-14,partner,Enterprise,11,False,False,Pro,11,0,0,monthly,True,False,2024-12-14,680,10.461538461538462,205877,3167.3384615384616,45,65,33,6,4.0,47.25,83.25,4.0,0.0,Retained,High,Low MRR,Medium
A-b07346,Company_269,HealthTech,US,2024-10-10,partner,Pro,51,False,True,Enterprise,51,0,0,annual,True,False,2024-12-28,326,9.878787878787879,106943,3240.6969696969695,22,33,23,4,3.0,42.333333333333336,76.66666666666667,3.5,0.0,Churned,Low,Low MRR,Large
A-902ef7,Company_270,HealthTech,US,2024-09-03,other,Enterprise,83,False,True,Basic,83,1577,18924,annual,True,False,2024-12-25,414,10.35,145878,3646.95,24,40,31,5,2.0,48.5,85.0,4.0,0.0,Churned,Low,Medium MRR,Large
A-20736a,Company_271,EdTech,IN,2024-03-16,organic,Enterprise,50,False,False,Enterprise,50,9950,119400,annual,True,False,2024-11-23,430,10.238095238095237,108408,2581.1428571428573,22,42,22,5,4.0,42.25,78.25,3.75,0.0,Retained,Medium,High MRR,Large
A-e4bf56,Company_272,HealthTech,IN,2024-10-28,ads,Pro,17,False,True,Enterprise,22,4378,52536,monthly,True,False,2024-12-25,339,10.272727272727273,115488,3499.6363636363635,10,33,25,1,8.0,29.125,111.5,3.6666666666666665,0.0,Churned,Low,High MRR,Medium
A-cea1f0,Company_273,FinTech,US,2024-04-07,event,Pro,8,False,True,Enterprise,8,1592,19104,annual,False,False,2024-12-27,586,10.464285714285714,161188,2878.3571428571427,28,56,28,9,5.0,42.2,107.4,4.333333333333333,0.0,Churned,High,Medium MRR,Small
A-ef84cf,Company_274,EdTech,US,2024-03-01,partner,Enterprise,8,False,False,Basic,8,152,1824,monthly,True,False,2024-08-08,309,11.035714285714286,100420,3586.4285714285716,11,28,21,3,5.0,34.8,79.4,4.333333333333333,1.0,Retained,Low,Low MRR,Small
A-d49cc5,Company_275,Cybersecurity,FR,2023-09-19,event,Basic,50,False,False,Basic,50,950,11400,monthly,True,False,2024-12-10,436,10.634146341463415,142933,3486.170731707317,34,41,27,5,4.0,32.0,55.25,4.5,0.0,Retained,Medium,Medium MRR,Large
A-67be94,Company_276,EdTech,US,2023-04-04,organic,Enterprise,26,False,False,Pro,26,1274,15288,monthly,True,False,2024-12-18,416,9.904761904761905,127197,3028.5,17,42,26,3,5.0,38.6,51.0,4.0,0.0,Retained,Low,Medium MRR,Large
A-4e960a,Company_277,FinTech,US,2024-01-17,other,Enterprise,12,True,True,Basic,12,228,2736,monthly,True,False,2024-12-08,512,10.448979591836734,153943,3141.6938775510203,21,49,29,5,6.0,29.166666666666668,83.16666666666667,4.0,0.0,Churned,Medium,Low MRR,Medium
A-c37cab,Company_278,Cybersecurity,UK,2024-07-29,event,Pro,13,False,False,Basic,23,437,5244,annual,True,False,2024-12-17,708,10.114285714285714,203309,2904.4142857142856,40,70,32,14,4.0,33.0,101.25,3.75,1.0,Retained,High,Low MRR,Medium
A-533452,Company_279,DevTools,AU,2024-11-12,organic,Pro,9,False,False,Basic,52,988,11856,annual,False,False,2024-12-25,595,9.444444444444445,172726,2741.6825396825398,44,63,32,10,4.0,32.75,35.5,4.0,0.0,Retained,High,Medium MRR,Small
A-443b7c,Company_280,Cybersecurity,US,2024-09-06,other,Enterprise,1,False,True,Basic,8,152,1824,annual,True,False,2024-12-29,618,9.80952380952381,195039,3095.8571428571427,29,63,28,8,8.0,29.25,49.0,4.4,0.0,Churned,High,Low MRR,Small
A-1f7acb,Company_281,FinTech,UK,2023-08-06,ads,Basic,64,True,False,Enterprise,64,12736,152832,annual,True,False,2024-09-22,510,9.622641509433961,164068,3095.622641509434,47,53,26,7,7.0,41.714285714285715,129.57142857142858,4.4,0.0,Retained,Medium,High MRR,Large
A-f51f16,Company_282,HealthTech,US,2023-12-25,partner,Enterprise,1,False,False,Basic,2,38,456,annual,True,False,2024-08-27,384,10.378378378378379,146093,3948.4594594594596,28,37,25,3,4.0,29.25,91.0,3.0,0.0,Retained,Low,Low MRR,Small
A-5a3eb9,Company_283,DevTools,CA,2023-08-20,other,Enterprise,18,True,False,Pro,18,882,10584,annual,True,True,2024-12-10,722,10.46376811594203,216880,3143.1884057971015,34,69,34,7,3.0,24.0,83.0,,0.0,Retained,High,Medium MRR,Medium
A-5f2961,Company_284,HealthTech,US,2024-11-22,partner,Basic,4,False,False,Basic,16,304,3648,annual,True,False,2024-12-23,348,9.666666666666666,103023,2861.75,19,36,22,2,1.0,53.0,19.0,,0.0,Retained,Low,Low MRR,Small
A-417d2f,Company_285,Cybersecurity,IN,2023-07-04,partner,Pro,4,True,False,Pro,33,1617,19404,monthly,True,False,2024-12-28,722,10.169014084507042,206401,2907.056338028169,31,71,37,8,6.0,43.5,80.5,4.333333333333333,0.0,Retained,High,Medium MRR,Small
A-e98302,Company_286,EdTech,US,2023-12-26,ads,Enterprise,16,True,False,Pro,58,2842,34104,annual,True,True,2024-12-23,273,9.1,88751,2958.366666666667,18,30,21,3,9.0,44.44444444444444,99.44444444444444,4.142857142857143,0.0,Retained,Low,High MRR,Medium
A-8bde0c,Company_287,DevTools,US,2024-11-04,organic,Basic,12,False,False,Enterprise,12,2388,28656,monthly,True,False,2024-12-28,773,9.6625,240908,3011.35,43,80,34,6,3.0,25.666666666666668,86.33333333333333,4.0,0.0,Retained,High,High MRR,Medium
A-bcf87c,Company_288,FinTech,US,2024-06-27,event,Pro,10,False,True,Enterprise,17,3383,40596,monthly,True,False,2024-12-13,503,9.314814814814815,147590,2733.1481481481483,19,54,26,7,2.0,63.0,49.5,4.0,0.0,Churned,Medium,High MRR,Small
A-54ecc2,Company_289,Cybersecurity,US,2023-06-11,partner,Enterprise,4,False,False,Enterprise,28,5572,66864,monthly,True,False,2024-10-30,607,10.839285714285714,183498,3276.75,39,56,28,6,5.0,37.4,72.0,5.0,0.0,Retained,High,High MRR,Small
A-625d0b,Company_290,EdTech,AU,2024-09-02,ads,Basic,9,False,False,Enterprise,9,1791,21492,annual,True,False,2024-12-29,529,9.796296296296296,141489,2620.1666666666665,38,54,32,6,5.0,48.4,72.4,3.0,0.0,Retained,Medium,Medium MRR,Small
A-fce879,Company_291,EdTech,UK,2024-09-24,partner,Pro,10,True,True,Basic,21,399,4788,annual,True,False,2024-12-13,299,11.074074074074074,98740,3657.037037037037,14,27,25,1,2.0,28.0,61.5,4.0,0.0,Churned,Low,Low MRR,Small
A-b07b56,Company_292,DevTools,US,2024-11-08,event,Pro,25,False,True,Basic,25,0,0,annual,True,False,2024-12-21,633,9.890625,185462,2897.84375,39,64,32,9,4.0,31.25,93.75,3.0,0.0,Churned,High,Low MRR,Medium
A-6da850,Company_293,FinTech,IN,2023-10-07,organic,Pro,5,False,False,Basic,6,114,1368,annual,True,True,2024-12-31,714,10.2,186370,2662.4285714285716,54,70,30,8,5.0,49.0,76.4,4.0,0.0,Retained,High,Low MRR,Small
A-342303,Company_294,EdTech,US,2024-03-16,other,Pro,1,True,False,Enterprise,10,0,0,annual,True,False,2024-11-30,141,9.4,23149,1543.2666666666667,5,15,12,1,3.0,29.333333333333332,71.33333333333333,4.5,0.0,Retained,Low,Low MRR,Small
A-e7a1e2,Company_295,Cybersecurity,US,2024-06-23,event,Enterprise,3,False,False,Enterprise,44,8756,105072,annual,True,False,2024-12-29,703,10.338235294117647,220928,3248.9411764705883,36,68,36,3,1.0,45.0,37.0,4.0,0.0,Retained,High,High MRR,Small
A-f1f639,Company_296,EdTech,US,2023-02-26,ads,Basic,2,False,False,Enterprise,9,1791,21492,monthly,True,False,2024-09-19,139,9.928571428571429,43097,3078.3571428571427,10,14,12,4,7.0,20.0,67.57142857142857,4.8,0.0,Retained,Low,Medium MRR,Small
A-a865bd,Company_297,Cybersecurity,US,2023-09-19,organic,Pro,38,False,False,Pro,56,2744,32928,monthly,False,False,2024-09-19,230,9.583333333333334,60120,2505.0,13,24,19,3,2.0,31.5,21.5,3.0,0.0,Retained,Low,High MRR,Large
A-4e631b,Company_298,FinTech,US,2024-03-16,other,Enterprise,22,False,False,Basic,22,418,5016,annual,True,False,2024-12-10,502,10.244897959183673,154668,3156.4897959183672,29,49,32,4,2.0,24.5,52.0,4.0,0.0,Retained,Medium,Low MRR,Medium
A-7f6b86,Company_299,HealthTech,US,2023-08-24,partner,Basic,45,True,True,Basic,45,855,10260,annual,True,False,2024-12-06,420,10.24390243902439,144249,3518.268292682927,14,41,27,3,7.0,40.42857142857143,96.57142857142857,3.6666666666666665,0.0,Churned,Medium,Medium MRR,Large
A-8adedc,Company_300,EdTech,US,2024-02-11,event,Basic,4,True,True,Pro,68,3332,39984,annual,True,False,2024-09-07,583,9.557377049180328,165997,2721.2622950819673,33,61,32,5,4.0,49.25,56.75,4.0,0.0,Churned,High,High MRR,Small
A-2edab2,Company_301,HealthTech,US,2023-11-17,event,Enterprise,17,False,False,Pro,17,833,9996,monthly,True,False,2024-12-15,487,10.361702127659575,160804,3421.3617021276596,26,47,28,5,4.0,30.0,102.25,3.0,0.0,Retained,Medium,Medium MRR,Medium
A-149a69,Company_302,DevTools,US,2024-10-17,event,Basic,34,False,False,Basic,34,646,7752,monthly,True,False,2024-12-19,208,11.555555555555555,59894,3327.4444444444443,9,18,18,1,8.0,33.875,120.875,4.2,0.0,Retained,Low,Medium MRR,Large
A-a6d261,Company_303,FinTech,CA,2023-11-29,other,Pro,9,False,False,Basic,13,247,2964,annual,True,False,2024-11-19,627,9.952380952380953,189235,3003.7301587301586,29,63,36,6,4.0,40.0,63.25,4.666666666666667,1.0,Retained,High,Low MRR,Small
A-443f6f,Company_304,Cybersecurity,US,2024-12-07,organic,Basic,19,False,False,Pro,19,931,11172,monthly,True,False,2024-12-26,527,9.410714285714286,158149,2824.089285714286,28,56,31,4,4.0,28.0,122.25,4.666666666666667,0.0,Retained,Medium,Medium MRR,Medium
A-202b67,Company_305,HealthTech,US,2024-03-22,organic,Pro,11,False,False,Enterprise,29,5771,69252,monthly,True,False,2024-10-09,447,9.717391304347826,110514,2402.478260869565,40,46,29,5,4.0,36.75,90.5,4.666666666666667,0.0,Retained,Medium,High MRR,Medium
A-00bed1,Company_306,Cybersecurity,US,2023-11-14,ads,Basic,28,True,False,Enterprise,28,5572,66864,annual,False,False,2024-09-01,514,10.07843137254902,143734,2818.3137254901962,27,51,32,2,4.0,31.75,106.25,4.0,0.0,Retained,Medium,High MRR,Large
A-ffc04f,Company_307,EdTech,US,2024-06-06,ads,Pro,13,False,False,Basic,13,247,2964,monthly,True,False,2024-12-28,857,9.965116279069768,277347,3224.9651162790697,64,86,37,7,7.0,17.714285714285715,58.57142857142857,4.5,1.0,Retained,High,Low MRR,Medium
A-65c341,Company_308,FinTech,US,2023-12-26,ads,Pro,11,True,False,Pro,39,1911,22932,monthly,True,True,2024-11-15,410,10.789473684210526,147068,3870.2105263157896,18,38,25,4,5.0,41.4,87.8,4.0,0.0,Retained,Low,Medium MRR,Medium
A-dcc2f0,Company_309,FinTech,UK,2023-07-22,organic,Basic,15,False,False,Basic,32,608,7296,annual,False,False,2024-11-30,833,10.960526315789474,243699,3206.565789473684,26,76,35,8,2.0,27.0,100.0,,0.0,Retained,High,Medium MRR,Medium
A-ced9aa,Company_310,DevTools,US,2024-10-05,other,Enterprise,3,False,False,Pro,3,147,1764,annual,True,False,2024-12-31,531,9.654545454545454,166970,3035.818181818182,39,55,33,5,7.0,28.857142857142858,102.85714285714286,3.0,0.0,Retained,Medium,Low MRR,Small
A-3d957b,Company_311,HealthTech,UK,2024-04-04,other,Pro,14,False,False,Enterprise,14,2786,33432,annual,False,False,2024-10-16,143,9.533333333333333,43699,2913.266666666667,13,15,13,3,3.0,41.333333333333336,79.33333333333333,3.0,0.0,Retained,Low,High MRR,Medium
A-89ee83,Company_312,Cybersecurity,US,2024-10-04,organic,Pro,1,False,True,Enterprise,18,3582,42984,monthly,True,False,2024-12-27,565,9.576271186440678,172626,2925.864406779661,26,59,28,6,5.0,21.8,66.2,4.0,1.0,Churned,Medium,High MRR,Small
A-883b7d,Company_313,Cybersecurity,IN,2024-03-28,other,Basic,17,False,False,Enterprise,50,9950,119400,annual,True,False,2024-08-22,644,9.757575757575758,189514,2871.4242424242425,40,66,35,7,7.0,25.571428571428573,62.285714285714285,3.6,1.0,Retained,High,High MRR,Medium
A-dcc3f1,Company_314,HealthTech,US,2023-12-27,event,Pro,21,False,False,Basic,21,399,4788,annual,False,False,2024-11-20,500,10.416666666666666,137958,2874.125,32,48,31,6,9.0,35.666666666666664,83.44444444444444,3.8,0.0,Retained,Medium,Low MRR,Medium
A-c62e55,Company_315,EdTech,US,2023-02-08,partner,Basic,1,True,False,Pro,14,686,8232,annual,True,False,2024-12-31,337,10.53125,87045,2720.15625,13,32,24,6,4.0,27.5,101.25,4.0,0.0,Retained,Low,Medium MRR,Small
A-e4144b,Company_316,EdTech,UK,2024-10-22,other,Pro,41,False,False,Enterprise,41,8159,97908,annual,True,False,2024-12-22,439,10.209302325581396,133397,3102.2558139534885,21,43,26,5,3.0,57.0,172.33333333333334,4.0,0.0,Retained,Medium,High MRR,Large
A-e40f45,Company_317,HealthTech,US,2024-04-18,organic,Pro,21,False,False,Basic,21,399,4788,monthly,False,True,2024-11-24,401,8.911111111111111,122954,2732.311111111111,26,45,29,5,7.0,26.714285714285715,96.28571428571429,4.333333333333333,0.0,Retained,Low,Low MRR,Medium
A-96215d,Company_318,FinTech,US,2024-08-08,event,Enterprise,10,False,False,Pro,10,490,5880,annual,False,False,2024-11-04,347,10.84375,104442,3263.8125,21,32,20,5,1.0,25.0,115.0,3.0,0.0,Retained,Low,Low MRR,Small
A-2b9d3e,Company_319,EdTech,US,2023-06-04,partner,Enterprise,1,False,False,Enterprise,2,398,4776,monthly,True,False,2024-12-26,444,9.866666666666667,142589,3168.6444444444446,19,45,26,5,3.0,34.666666666666664,79.33333333333333,5.0,0.0,Retained,Medium,Low MRR,Small
A-b7724f,Company_320,HealthTech,UK,2023-03-28,organic,Basic,1,False,False,Basic,29,551,6612,monthly,True,False,2024-12-27,380,10.0,93251,2453.9736842105262,16,38,28,2,3.0,28.666666666666668,92.0,3.0,0.0,Retained,Low,Medium MRR,Small
A-310452,Company_321,DevTools,FR,2024-12-25,other,Enterprise,9,False,False,Basic,9,171,2052,annual,True,False,2024-12-29,268,10.72,65581,2623.24,16,25,20,4,5.0,34.2,113.6,3.6,0.0,Retained,Low,Low MRR,Small
A-eb1312,Company_322,FinTech,US,2024-09-16,partner,Pro,25,False,False,Basic,25,475,5700,annual,True,False,2024-12-28,663,10.2,188047,2893.0307692307692,38,65,31,4,1.0,68.0,117.0,5.0,0.0,Retained,High,Low MRR,Medium
A-df1e44,Company_323,Cybersecurity,UK,2024-02-23,organic,Enterprise,12,False,False,Pro,12,588,7056,monthly,True,False,2024-12-18,420,10.0,122432,2915.0476190476193,14,42,25,5,2.0,53.0,109.5,5.0,0.0,Retained,Medium,Medium MRR,Medium
A-6a7c9d,Company_324,Cybersecurity,US,2024-10-24,organic,Enterprise,26,False,True,Pro,26,1274,15288,annual,True,False,2024-12-26,189,9.947368421052632,65006,3421.3684210526317,6,19,15,1,3.0,34.333333333333336,60.0,4.0,0.0,Churned,Low,Medium MRR,Large
A-cbd1a3,Company_325,DevTools,US,2024-11-25,other,Basic,6,False,True,Basic,20,380,4560,annual,True,False,2024-12-29,465,10.333333333333334,128809,2862.4222222222224,32,45,29,3,4.0,34.5,81.75,4.0,0.0,Churned,Medium,Low MRR,Small
A-a8d89d,Company_326,EdTech,US,2023-12-08,ads,Pro,13,False,False,Basic,17,323,3876,annual,True,False,2024-12-05,551,10.203703703703704,170966,3166.037037037037,26,54,32,5,2.0,44.5,139.0,5.0,0.0,Retained,Medium,Low MRR,Medium
A-600734,Company_327,DevTools,US,2023-11-14,organic,Pro,29,True,True,Pro,36,1764,21168,monthly,True,False,2024-11-06,660,9.565217391304348,190076,2754.7246376811595,30,69,33,11,7.0,52.57142857142857,89.42857142857143,3.6666666666666665,1.0,Churned,High,Medium MRR,Large
A-86fc1d,Company_328,DevTools,UK,2024-07-26,partner,Basic,26,False,False,Basic,26,0,0,monthly,True,False,2024-12-31,363,9.81081081081081,111108,3002.9189189189187,26,37,26,3,5.0,27.0,59.2,4.0,0.0,Retained,Low,Low MRR,Large
A-78f02b,Company_329,HealthTech,US,2024-11-17,event,Enterprise,11,False,False,Pro,11,539,6468,annual,True,False,2024-12-08,211,10.55,62349,3117.45,16,20,17,3,4.0,45.75,55.0,4.0,0.0,Retained,Low,Medium MRR,Medium
A-acb7f7,Company_330,EdTech,US,2024-01-06,ads,Basic,32,False,False,Basic,32,608,7296,annual,True,False,2024-12-28,612,9.870967741935484,176628,2848.8387096774195,36,62,33,10,3.0,41.0,91.0,3.5,0.0,Retained,High,Medium MRR,Large
A-712f1c,Company_331,DevTools,US,2023-12-16,ads,Basic,17,False,True,Pro,17,833,9996,annual,True,False,2024-12-11,631,9.279411764705882,181302,2666.205882352941,34,68,32,5,6.0,41.666666666666664,88.83333333333333,4.0,0.0,Churned,High,Medium MRR,Medium
A-3793ee,Company_332,Cybersecurity,CA,2023-03-21,organic,Enterprise,49,True,False,Enterprise,49,9751,117012,monthly,False,False,2024-10-23,352,9.263157894736842,97381,2562.657894736842,11,38,25,1,4.0,43.75,100.25,4.0,0.0,Retained,Low,High MRR,Large
A-9a532a,Company_333,HealthTech,US,2024-07-06,partner,Enterprise,11,False,False,Enterprise,11,2189,26268,monthly,True,False,2024-10-18,185,10.277777777777779,75595,4199.722222222223,15,18,16,4,2.0,57.5,128.5,,0.0,Retained,Low,High MRR,Medium
A-2ebb4b,Company_334,HealthTech,US,2023-05-15,ads,Basic,41,False,False,Pro,41,2009,24108,monthly,True,False,2024-12-10,488,9.76,143502,2870.04,33,50,27,7,2.0,43.5,136.5,3.0,0.0,Retained,Medium,Medium MRR,Large
A-6843f2,Company_335,HealthTech,CA,2024-12-10,ads,Enterprise,21,False,False,Pro,21,1029,12348,annual,True,False,2024-12-31,481,10.456521739130435,126424,2748.3478260869565,17,46,24,3,2.0,36.5,78.0,3.0,0.0,Retained,Medium,Medium MRR,Medium
A-c9bb3e,Company_336,EdTech,US,2024-03-24,ads,Pro,5,False,False,Basic,10,190,2280,monthly,True,False,2024-11-02,474,10.304347826086957,171153,3720.717391304348,20,46,27,2,7.0,27.714285714285715,86.14285714285714,4.2,1.0,Retained,Medium,Low MRR,Small
A-4814a3,Company_337,Cybersecurity,IN,2024-09-17,event,Basic,87,False,True,Pro,87,4263,51156,monthly,True,False,2024-12-30,587,9.783333333333333,168767,2812.7833333333333,45,60,35,7,4.0,18.75,97.0,4.0,1.0,Churned,High,High MRR,Large
A-b7b7b7,Company_338,FinTech,US,2024-06-30,event,Basic,24,False,True,Pro,24,1176,14112,annual,True,False,2024-12-29,571,10.381818181818181,166390,3025.2727272727275,26,55,31,6,3.0,17.0,99.0,5.0,0.0,Churned,Medium,Medium MRR,Medium
A-ccc747,Company_339,HealthTech,FR,2024-01-12,event,Pro,16,False,True,Basic,16,304,3648,annual,True,False,2024-11-04,284,9.466666666666667,89582,2986.0666666666666,13,30,23,3,4.0,32.25,83.25,5.0,1.0,Churned,Low,Low MRR,Medium
A-bb3bd4,Company_340,HealthTech,US,2024-01-27,ads,Basic,23,False,False,Basic,23,437,5244,annual,True,False,2024-12-17,315,10.5,93609,3120.3,11,30,18,1,11.0,32.72727272727273,106.36363636363636,4.142857142857143,0.0,Retained,Low,Low MRR,Medium
A-09316c,Company_341,FinTech,AU,2024-09-11,organic,Enterprise,70,False,False,Enterprise,70,13930,167160,annual,True,False,2024-12-29,566,10.481481481481481,149461,2767.796296296296,31,54,28,5,4.0,54.75,106.25,3.75,1.0,Retained,Medium,High MRR,Large
A-96bbc6,Company_342,Cybersecurity,US,2024-05-07,organic,Enterprise,39,False,False,Basic,39,741,8892,monthly,True,False,2024-12-25,482,9.83673469387755,152806,3118.4897959183672,25,49,30,5,3.0,51.333333333333336,67.0,3.3333333333333335,0.0,Retained,Medium,Medium MRR,Large
A-bc4d48,Company_343,EdTech,US,2024-06-12,ads,Pro,35,True,False,Basic,35,665,7980,annual,True,False,2024-12-27,321,10.03125,89391,2793.46875,9,32,24,1,6.0,41.166666666666664,65.83333333333333,4.2,1.0,Retained,Low,Medium MRR,Large
A-b30291,Company_344,HealthTech,US,2024-04-05,event,Basic,5,True,True,Pro,5,245,2940,annual,True,False,2024-12-22,519,10.8125,161097,3356.1875,31,48,26,8,1.0,16.0,1.0,,0.0,Churned,Medium,Low MRR,Small
A-cdf020,Company_345,DevTools,AU,2023-08-16,organic,Pro,23,False,False,Pro,44,2156,25872,monthly,True,False,2024-10-09,379,9.475,119522,2988.05,18,40,25,4,4.0,29.5,39.25,4.0,0.0,Retained,Low,High MRR,Medium
A-e6afc1,Company_346,DevTools,US,2023-02-24,ads,Pro,1,False,False,Pro,9,0,0,monthly,False,False,2024-12-18,679,9.56338028169014,196287,2764.605633802817,30,71,32,6,0.0,,,,0.0,Retained,High,Low MRR,Small
A-e3bd71,Company_347,Cybersecurity,US,2023-03-25,partner,Basic,31,False,False,Pro,31,1519,18228,annual,False,False,2024-12-07,638,10.459016393442623,187024,3065.967213114754,27,61,32,3,4.0,30.25,119.0,4.0,0.0,Retained,High,Medium MRR,Large
A-b179bf,Company_348,Cybersecurity,IN,2024-10-27,ads,Basic,43,False,False,Pro,43,0,0,annual,True,False,2024-12-25,398,10.205128205128204,110855,2842.4358974358975,18,39,23,5,6.0,24.666666666666668,94.33333333333333,4.0,0.0,Retained,Low,Low MRR,Large
A-098560,Company_349,DevTools,UK,2023-10-21,ads,Enterprise,1,False,True,Enterprise,4,796,9552,monthly,True,False,2024-11-17,567,10.309090909090909,174302,3169.1272727272726,32,55,32,8,2.0,28.0,100.0,3.0,1.0,Churned,Medium,Medium MRR,Small
A-82861f,Company_350,DevTools,UK,2024-04-25,organic,Basic,41,False,False,Enterprise,41,8159,97908,annual,False,False,2024-11-19,462,9.24,130873,2617.46,43,50,28,4,5.0,24.4,55.0,3.2,0.0,Retained,Medium,High MRR,Large
A-94c3cd,Company_351,FinTech,CA,2023-09-20,other,Enterprise,32,False,False,Enterprise,32,6368,76416,monthly,True,False,2024-12-15,306,9.870967741935484,104197,3361.1935483870966,18,31,18,4,4.0,44.75,116.5,3.5,1.0,Retained,Low,High MRR,Large
A-a33200,Company_352,HealthTech,US,2024-09-15,partner,Basic,29,False,False,Basic,29,551,6612,monthly,True,False,2024-12-20,517,9.4,150997,2745.4,26,55,33,5,3.0,36.333333333333336,88.33333333333333,4.5,0.0,Retained,Medium,Medium MRR,Large
A-034368,Company_353,EdTech,US,2023-11-05,event,Enterprise,19,False,False,Enterprise,23,4577,54924,monthly,True,False,2024-12-12,265,9.464285714285714,80423,2872.25,25,28,20,4,5.0,41.2,91.8,4.0,0.0,Retained,Low,High MRR,Medium
A-b54c01,Company_354,DevTools,US,2024-09-29,event,Enterprise,29,False,False,Basic,29,551,6612,annual,False,False,2024-12-23,226,9.826086956521738,64973,2824.913043478261,17,23,15,3,5.0,42.6,77.2,3.0,0.0,Retained,Low,Medium MRR,Large
A-d82ef9,Company_355,EdTech,UK,2024-07-02,other,Basic,26,False,True,Basic,26,494,5928,monthly,True,False,2024-11-30,679,9.985294117647058,194022,2853.264705882353,46,68,32,5,5.0,39.8,91.6,4.25,1.0,Churned,High,Low MRR,Large
A-bb2f49,Company_356,Cybersecurity,US,2023-05-28,other,Pro,8,False,False,Pro,28,1372,16464,monthly,False,False,2024-12-26,618,10.3,190070,3167.8333333333335,42,60,31,2,3.0,22.333333333333332,102.33333333333333,4.0,0.0,Retained,High,Medium MRR,Small
A-1f559b,Company_357,HealthTech,US,2023-09-04,organic,Enterprise,5,True,True,Basic,10,190,2280,annual,False,False,2024-10-17,400,10.0,117267,2931.675,27,40,29,4,5.0,50.4,116.2,4.2,0.0,Churned,Low,Low MRR,Small
A-5a215a,Company_358,EdTech,FR,2024-01-05,other,Enterprise,87,False,False,Pro,87,4263,51156,annual,True,False,2024-12-10,807,10.0875,271652,3395.65,71,80,32,8,4.0,29.5,38.0,4.0,0.0,Retained,High,High MRR,Large
A-3f9cc0,Company_359,HealthTech,US,2024-06-03,event,Basic,22,False,False,Enterprise,30,5970,71640,monthly,True,False,2024-08-04,407,9.69047619047619,124321,2960.0238095238096,24,42,25,0,5.0,34.8,112.6,4.5,1.0,Retained,Low,High MRR,Medium
A-f9cc74,Company_360,DevTools,FR,2024-10-12,partner,Enterprise,30,True,False,Pro,30,0,0,monthly,True,False,2024-12-22,484,9.68,130826,2616.52,22,50,30,7,6.0,49.833333333333336,118.33333333333333,4.0,0.0,Retained,Medium,Low MRR,Large
A-ed510f,Company_361,Cybersecurity,IN,2023-01-17,partner,Basic,42,False,False,Pro,42,2058,24696,monthly,True,False,2024-12-21,493,10.061224489795919,160744,3280.4897959183672,28,49,27,5,9.0,44.55555555555556,82.55555555555556,4.0,0.0,Retained,Medium,High MRR,Large
A-5c9849,Company_362,EdTech,IN,2024-11-03,partner,Basic,19,False,False,Pro,19,931,11172,monthly,False,False,2024-12-30,473,10.282608695652174,151483,3293.108695652174,23,46,30,2,4.0,59.5,41.0,,1.0,Retained,Medium,Medium MRR,Medium
A-a7bd4b,Company_363,Cybersecurity,US,2023-02-15,ads,Enterprise,5,False,False,Basic,18,342,4104,monthly,True,False,2024-09-25,576,10.472727272727273,166772,3032.2181818181816,37,55,29,5,6.0,36.833333333333336,86.16666666666667,3.25,0.0,Retained,Medium,Low MRR,Small
A-d4ac0e,Company_364,DevTools,UK,2024-04-20,ads,Basic,18,False,False,Pro,18,882,10584,monthly,True,False,2024-12-14,793,9.9125,245619,3070.2375,53,80,38,9,4.0,21.0,34.0,3.5,0.0,Retained,High,Medium MRR,Medium
A-ffdfd5,Company_365,EdTech,US,2024-04-13,organic,Basic,3,False,True,Pro,3,147,1764,monthly,True,True,2024-12-20,529,10.173076923076923,139609,2684.7884615384614,28,52,29,4,0.0,,,,0.0,Churned,Medium,Low MRR,Small
A-0dbdc6,Company_366,Cybersecurity,DE,2023-02-12,other,Pro,30,False,True,Pro,47,2303,27636,annual,True,False,2024-12-15,512,9.846153846153847,155107,2982.826923076923,31,52,32,6,4.0,47.0,95.25,5.0,0.0,Churned,Medium,High MRR,Large
A-7cfe77,Company_367,DevTools,US,2024-07-10,ads,Pro,69,False,False,Basic,69,1311,15732,annual,True,False,2024-12-05,205,10.789473684210526,57582,3030.6315789473683,11,19,16,1,7.0,30.714285714285715,105.57142857142857,3.5,0.0,Retained,Low,Medium MRR,Large
A-1f0636,Company_368,EdTech,AU,2024-01-01,partner,Pro,105,False,False,Enterprise,105,20895,250740,annual,False,False,2024-11-17,685,10.073529411764707,212120,3119.4117647058824,30,68,32,4,2.0,38.5,75.0,3.5,0.0,Retained,High,High MRR,Large
A-40de06,Company_369,Cybersecurity,US,2023-05-08,event,Enterprise,28,False,True,Basic,28,532,6384,annual,True,False,2024-11-17,902,9.912087912087912,267400,2938.4615384615386,43,91,37,14,3.0,40.333333333333336,67.66666666666667,4.0,0.0,Churned,High,Medium MRR,Large
A-cb5333,Company_370,DevTools,US,2024-03-26,ads,Pro,33,False,False,Pro,33,1617,19404,monthly,True,False,2024-12-15,796,9.707317073170731,263767,3216.670731707317,34,82,36,8,4.0,30.75,85.75,3.0,0.0,Retained,High,Medium MRR,Large
A-309e54,Company_371,DevTools,US,2024-12-09,other,Pro,15,False,False,Basic,15,285,3420,annual,True,False,2024-12-31,509,9.788461538461538,168199,3234.596153846154,24,52,28,3,5.0,23.8,90.2,3.0,0.0,Retained,Medium,Low MRR,Medium
A-6e7827,Company_372,DevTools,US,2023-03-26,other,Basic,1,False,False,Pro,17,833,9996,annual,True,False,2024-12-19,419,10.21951219512195,123307,3007.487804878049,31,41,24,3,2.0,51.0,83.5,3.5,0.0,Retained,Medium,Medium MRR,Small
A-50bb9f,Company_373,Cybersecurity,US,2024-07-12,organic,Pro,2,False,False,Pro,54,2646,31752,annual,True,False,2024-12-27,276,11.5,99328,4138.666666666667,15,24,18,5,7.0,33.285714285714285,74.71428571428571,4.0,0.0,Retained,Low,High MRR,Small
A-5fe118,Company_374,Cybersecurity,US,2024-11-07,other,Enterprise,39,False,False,Basic,39,0,0,monthly,True,False,2024-12-29,233,11.095238095238095,59902,2852.4761904761904,12,21,14,5,1.0,19.0,26.0,4.0,0.0,Retained,Low,Low MRR,Large
A-5247b3,Company_375,FinTech,UK,2024-03-12,partner,Pro,16,True,False,Basic,74,1406,16872,annual,True,False,2024-11-25,610,10.166666666666666,177212,2953.5333333333333,29,60,32,9,5.0,45.8,96.6,4.0,0.0,Retained,High,Medium MRR,Medium
A-f44180,Company_376,Cybersecurity,UK,2023-02-13,event,Pro,9,False,False,Basic,10,0,0,annual,False,False,2024-12-13,520,10.0,164121,3156.173076923077,22,52,27,10,2.0,46.5,123.0,5.0,0.0,Retained,Medium,Low MRR,Small
A-c16cf7,Company_377,EdTech,US,2024-10-16,event,Pro,13,True,False,Basic,35,665,7980,annual,True,False,2024-12-23,577,9.948275862068966,144846,2497.344827586207,26,58,33,8,3.0,48.333333333333336,111.66666666666667,3.5,0.0,Retained,Medium,Medium MRR,Medium
A-d42431,Company_378,FinTech,FR,2024-06-09,ads,Enterprise,22,True,False,Enterprise,22,4378,52536,annual,True,False,2024-12-08,457,9.72340425531915,133864,2848.1702127659573,34,47,26,6,4.0,24.25,119.5,4.0,0.0,Retained,Medium,High MRR,Medium
A-6965e1,Company_379,DevTools,US,2024-11-25,organic,Basic,13,False,False,Basic,13,247,2964,monthly,True,False,2024-12-30,627,10.627118644067796,188154,3189.0508474576272,29,59,27,4,3.0,39.0,128.33333333333334,3.0,0.0,Retained,High,Low MRR,Medium
A-0354fe,Company_380,Cybersecurity,US,2024-10-22,other,Basic,34,False,False,Enterprise,34,6766,81192,monthly,False,False,2024-12-10,463,10.28888888888889,152435,3387.4444444444443,30,45,28,3,4.0,20.0,69.25,4.0,0.0,Retained,Medium,High MRR,Large
A-0a62f5,Company_381,FinTech,UK,2024-09-11,partner,Pro,16,False,False,Basic,25,475,5700,monthly,True,False,2024-12-21,244,9.76,74890,2995.6,7,25,20,2,2.0,33.5,105.0,,0.0,Retained,Low,Low MRR,Medium
A-f5641b,Company_382,EdTech,US,2024-03-30,other,Pro,31,False,False,Enterprise,45,8955,107460,monthly,True,False,2024-12-29,438,11.23076923076923,141649,3632.025641025641,18,39,27,4,4.0,47.5,98.0,3.0,1.0,Retained,Medium,High MRR,Large
A-b44e3e,Company_383,Cybersecurity,UK,2024-02-12,ads,Basic,40,False,False,Enterprise,40,7960,95520,annual,True,True,2024-12-27,387,10.18421052631579,114913,3024.0263157894738,13,38,20,4,3.0,40.0,75.33333333333333,4.333333333333333,0.0,Retained,Low,High MRR,Large
A-3b37d9,Company_384,FinTech,US,2023-01-27,event,Enterprise,23,False,False,Enterprise,23,4577,54924,annual,True,False,2024-11-17,451,10.488372093023257,128119,2979.5116279069766,21,43,26,2,5.0,36.0,89.8,4.5,0.0,Retained,Medium,High MRR,Medium
A-54d94a,Company_385,Cybersecurity,IN,2023-05-01,event,Basic,27,False,False,Basic,27,513,6156,annual,True,False,2024-12-21,582,9.864406779661017,174162,2951.898305084746,28,59,30,7,4.0,53.75,82.75,3.5,0.0,Retained,High,Medium MRR,Large
A-7f29a7,Company_386,Cybersecurity,UK,2024-09-18,event,Basic,41,True,False,Pro,41,2009,24108,monthly,True,False,2024-12-21,619,9.983870967741936,177209,2858.2096774193546,38,62,32,9,1.0,24.0,5.0,4.0,0.0,Retained,High,Medium MRR,Large
A-089363,Company_387,FinTech,AU,2023-05-06,event,Basic,2,False,False,Enterprise,9,0,0,annual,True,False,2024-12-12,628,10.295081967213115,196491,3221.1639344262294,33,61,30,9,3.0,35.0,91.33333333333333,3.6666666666666665,0.0,Retained,High,Low MRR,Small
A-524364,Company_388,DevTools,FR,2024-12-31,partner,Enterprise,3,False,False,Basic,12,228,2736,monthly,True,False,2024-12-31,237,9.115384615384615,72569,2791.1153846153848,24,26,18,2,3.0,47.666666666666664,75.33333333333333,4.333333333333333,0.0,Retained,Low,Low MRR,Small
A-855a48,Company_389,EdTech,US,2023-12-22,partner,Pro,14,True,False,Enterprise,60,11940,143280,annual,True,False,2024-07-30,448,10.181818181818182,145908,3316.090909090909,16,44,26,7,5.0,39.6,122.0,3.6666666666666665,0.0,Retained,Medium,High MRR,Medium
A-756192,Company_390,FinTech,IN,2023-06-11,other,Basic,19,False,False,Pro,38,1862,22344,annual,True,False,2024-12-12,617,9.640625,183585,2868.515625,43,64,32,3,3.0,37.333333333333336,102.33333333333333,4.0,0.0,Retained,High,Medium MRR,Medium
A-49b828,Company_391,FinTech,IN,2023-05-05,ads,Pro,6,False,False,Enterprise,20,3980,47760,annual,True,False,2024-11-22,687,10.569230769230769,187183,2879.7384615384617,45,65,29,10,3.0,13.666666666666666,87.66666666666667,3.5,1.0,Retained,High,High MRR,Small
A-c7ffc2,Company_392,Cybersecurity,US,2023-01-27,partner,Pro,30,True,False,Basic,49,931,11172,monthly,False,False,2024-12-27,640,10.32258064516129,200957,3241.2419354838707,28,62,30,6,2.0,64.0,86.0,3.0,0.0,Retained,High,Medium MRR,Large
A-751c58,Company_393,FinTech,UK,2024-07-18,organic,Basic,15,False,False,Basic,71,1349,16188,annual,True,False,2024-12-21,574,10.830188679245284,179405,3385.0,12,53,31,3,5.0,39.6,130.0,4.333333333333333,0.0,Retained,Medium,Medium MRR,Medium
A-72799b,Company_394,DevTools,FR,2023-11-13,event,Enterprise,20,False,True,Pro,61,2989,35868,annual,True,False,2024-10-21,550,9.821428571428571,154998,2767.8214285714284,34,56,31,10,2.0,33.5,80.0,4.5,1.0,Churned,Medium,High MRR,Medium
A-812c5b,Company_395,DevTools,CA,2024-02-25,organic,Basic,55,False,True,Pro,55,2695,32340,monthly,True,False,2024-12-27,866,9.840909090909092,269595,3063.5795454545455,46,88,33,11,4.0,27.0,88.25,4.0,0.0,Churned,High,High MRR,Large
A-69b156,Company_396,EdTech,US,2023-11-21,other,Pro,7,False,True,Basic,8,152,1824,monthly,False,True,2024-12-10,360,10.0,102483,2846.75,20,36,24,2,7.0,32.0,100.57142857142857,4.0,0.0,Churned,Low,Low MRR,Small
A-075038,Company_397,HealthTech,UK,2023-05-12,ads,Basic,17,False,False,Basic,42,798,9576,monthly,True,False,2024-10-26,743,10.614285714285714,198728,2838.9714285714285,31,70,32,9,2.0,43.5,54.0,3.0,0.0,Retained,High,Medium MRR,Medium
A-940b8b,Company_398,HealthTech,DE,2024-03-19,organic,Basic,1,False,False,Enterprise,7,0,0,annual,True,False,2024-11-11,362,10.342857142857143,121184,3462.4,32,35,23,3,3.0,41.333333333333336,89.33333333333333,4.0,0.0,Retained,Low,Low MRR,Small
A-2d1036,Company_399,FinTech,US,2024-06-14,ads,Pro,69,False,True,Pro,69,3381,40572,monthly,False,False,2024-12-16,692,10.028985507246377,181335,2628.0434782608695,40,69,31,10,5.0,37.8,49.0,4.6,1.0,Churned,High,High MRR,Large
A-0f6450,Company_400,FinTech,US,2024-12-27,other,Pro,28,True,True,Enterprise,28,5572,66864,monthly,False,False,2024-12-31,539,9.981481481481481,174670,3234.6296296296296,39,54,31,8,8.0,29.75,81.625,3.8333333333333335,1.0,Churned,Medium,High MRR,Large
A-9affe6,Company_401,Cybersecurity,US,2023-03-22,other,Pro,7,False,False,Pro,23,1127,13524,monthly,True,False,2024-11-14,473,10.063829787234043,144853,3081.978723404255,16,47,26,3,3.0,58.0,76.0,3.0,0.0,Retained,Medium,Medium MRR,Small
A-80eeb6,Company_402,Cybersecurity,UK,2023-05-09,organic,Enterprise,22,False,False,Enterprise,22,4378,52536,annual,True,True,2024-12-20,725,9.539473684210526,221904,2919.7894736842104,43,76,38,9,4.0,40.25,68.25,3.6666666666666665,1.0,Retained,High,High MRR,Medium
A-d4e0d4,Company_403,FinTech,US,2024-10-18,other,Basic,117,False,False,Enterprise,117,23283,279396,annual,True,False,2024-12-14,488,9.959183673469388,144771,2954.5102040816328,33,49,30,6,4.0,39.25,76.25,4.0,0.0,Retained,Medium,High MRR,Large
A-c7e58b,Company_404,HealthTech,IN,2023-06-25,other,Pro,3,False,False,Pro,16,0,0,monthly,True,False,2024-09-07,343,10.088235294117647,105853,3113.323529411765,18,34,22,1,5.0,30.6,98.4,3.5,0.0,Retained,Low,Low MRR,Small
A-016043,Company_405,EdTech,CA,2024-07-31,organic,Basic,4,True,False,Basic,26,494,5928,monthly,False,False,2024-12-02,490,10.425531914893616,132075,2810.1063829787236,21,47,26,3,3.0,30.333333333333332,78.0,4.0,0.0,Retained,Medium,Low MRR,Small
A-bbe56f,Company_406,HealthTech,US,2023-02-16,ads,Enterprise,21,False,False,Basic,22,418,5016,annual,True,False,2024-10-15,232,10.545454545454545,60604,2754.7272727272725,8,22,13,4,4.0,26.25,120.5,4.0,0.0,Retained,Low,Low MRR,Medium
A-7c5768,Company_407,HealthTech,UK,2024-03-02,event,Enterprise,3,False,False,Enterprise,26,0,0,monthly,True,False,2024-12-02,461,10.021739130434783,142276,3092.9565217391305,31,46,27,4,5.0,28.8,96.4,4.0,0.0,Retained,Medium,Low MRR,Small
A-751bd4,Company_408,Cybersecurity,UK,2024-07-12,partner,Pro,10,False,False,Pro,35,0,0,annual,True,False,2024-10-29,92,9.2,32629,3262.9,0,10,9,0,6.0,23.166666666666668,112.0,4.25,1.0,Retained,Low,Low MRR,Small
A-4e0e85,Company_409,DevTools,US,2023-09-08,organic,Enterprise,6,False,False,Enterprise,39,0,0,annual,True,False,2024-12-14,288,9.290322580645162,80419,2594.1612903225805,9,31,20,2,2.0,53.0,119.5,5.0,0.0,Retained,Low,Low MRR,Small
A-ad3abd,Company_410,FinTech,US,2023-03-03,event,Pro,44,False,False,Pro,44,2156,25872,monthly,True,False,2024-10-14,296,10.206896551724139,94866,3271.2413793103447,11,29,20,1,3.0,13.0,70.33333333333333,3.0,0.0,Retained,Low,High MRR,Large
A-e19ff6,Company_411,Cybersecurity,UK,2023-07-28,partner,Enterprise,1,False,False,Pro,26,1274,15288,monthly,False,False,2024-10-23,456,10.133333333333333,144844,3218.7555555555555,24,45,26,1,3.0,30.666666666666668,115.0,4.666666666666667,0.0,Retained,Medium,Medium MRR,Small
A-7920cc,Company_412,Cybersecurity,FR,2023-11-23,ads,Pro,39,False,False,Enterprise,69,13731,164772,annual,True,False,2024-12-06,601,9.693548387096774,177512,2863.0967741935483,28,62,32,4,7.0,32.857142857142854,113.42857142857143,4.333333333333333,0.0,Retained,High,High MRR,Large
A-5a92e7,Company_413,HealthTech,US,2024-06-11,ads,Pro,4,False,False,Pro,9,0,0,monthly,True,False,2024-12-17,885,10.411764705882353,276337,3251.0235294117647,76,85,37,8,7.0,45.0,86.14285714285714,4.4,0.0,Retained,High,Low MRR,Small
A-fdfc91,Company_414,Cybersecurity,US,2023-05-06,ads,Basic,29,False,False,Basic,111,2109,25308,monthly,True,False,2024-09-14,564,10.071428571428571,158143,2823.9821428571427,29,56,32,1,5.0,28.8,121.0,3.6666666666666665,0.0,Retained,Medium,High MRR,Large
A-1e50e0,Company_415,Cybersecurity,DE,2023-02-21,other,Pro,19,True,True,Enterprise,19,3781,45372,annual,True,False,2024-09-05,194,9.7,62650,3132.5,15,20,17,2,2.0,20.5,143.0,5.0,1.0,Churned,Low,High MRR,Medium
A-1e1b80,Company_416,FinTech,CA,2023-09-12,other,Enterprise,50,False,False,Basic,50,950,11400,annual,True,False,2024-11-04,682,10.029411764705882,209315,3078.1617647058824,47,68,34,2,6.0,43.0,67.5,3.2,0.0,Retained,High,Medium MRR,Large
A-659280,Company_417,FinTech,IN,2023-11-17,event,Enterprise,13,True,True,Basic,17,0,0,annual,False,False,2024-12-26,613,10.216666666666667,186122,3102.0333333333333,34,60,30,6,4.0,8.0,123.75,4.333333333333333,0.0,Churned,High,Low MRR,Medium
A-f6b2fb,Company_418,DevTools,AU,2024-04-23,event,Basic,23,False,False,Basic,23,437,5244,monthly,False,False,2024-11-18,524,9.527272727272727,158412,2880.2181818181816,37,55,29,8,5.0,55.0,88.6,4.0,1.0,Retained,Medium,Low MRR,Medium
A-cb6cc6,Company_419,DevTools,US,2023-04-03,ads,Basic,13,True,False,Pro,25,1225,14700,monthly,True,False,2024-10-01,314,8.971428571428572,101719,2906.2571428571428,26,35,21,0,3.0,16.333333333333332,131.66666666666666,3.5,0.0,Retained,Low,Medium MRR,Medium
A-d62e02,Company_420,Cybersecurity,US,2024-08-20,partner,Pro,6,False,False,Enterprise,6,1194,14328,monthly,False,False,2024-12-30,344,10.117647058823529,126757,3728.1470588235293,23,34,25,4,1.0,36.0,31.0,4.0,0.0,Retained,Low,Medium MRR,Small
A-d535f6,Company_421,DevTools,US,2024-09-03,organic,Basic,12,True,True,Enterprise,12,0,0,monthly,True,False,2024-12-15,477,10.148936170212766,146053,3107.5106382978724,29,47,26,4,0.0,,,,0.0,Churned,Medium,Low MRR,Medium
A-39868b,Company_422,FinTech,AU,2024-03-17,partner,Pro,9,False,False,Basic,17,0,0,annual,False,False,2024-11-28,305,10.892857142857142,106292,3796.1428571428573,21,28,22,5,6.0,39.0,100.83333333333333,4.25,0.0,Retained,Low,Low MRR,Small
A-3cc791,Company_423,EdTech,US,2024-01-10,other,Enterprise,6,False,False,Pro,36,1764,21168,monthly,True,False,2024-12-19,447,9.717391304347826,149032,3239.8260869565215,30,46,28,5,6.0,48.333333333333336,95.83333333333333,4.25,1.0,Retained,Medium,Medium MRR,Small
A-337bc1,Company_424,Cybersecurity,US,2023-07-19,organic,Pro,30,True,False,Pro,30,0,0,annual,True,False,2024-09-28,425,9.883720930232558,141115,3281.7441860465115,34,43,27,4,4.0,32.5,62.75,4.0,1.0,Retained,Medium,Low MRR,Large
A-58b9ff,Company_425,DevTools,IN,2024-05-31,partner,Enterprise,2,False,False,Pro,33,1617,19404,monthly,True,False,2024-11-03,667,10.261538461538462,200727,3088.107692307692,32,65,28,7,2.0,66.0,79.0,4.0,1.0,Retained,High,Medium MRR,Small
A-bf7919,Company_426,HealthTech,US,2024-11-27,organic,Pro,3,False,False,Enterprise,11,0,0,annual,False,False,2024-12-31,262,10.076923076923077,77458,2979.153846153846,14,26,23,4,2.0,14.5,81.5,5.0,0.0,Retained,Low,Low MRR,Small
A-1d5444,Company_427,Cybersecurity,US,2024-01-18,partner,Basic,24,False,True,Basic,24,0,0,annual,False,False,2024-11-26,592,10.033898305084746,182031,3085.271186440678,35,59,28,6,2.0,30.0,62.5,4.0,0.0,Churned,High,Low MRR,Medium
A-0f3e88,Company_428,HealthTech,US,2023-07-23,other,Basic,7,False,True,Pro,7,343,4116,monthly,False,True,2024-12-11,598,10.135593220338983,176630,2993.728813559322,28,59,32,6,3.0,48.0,67.0,4.5,0.0,Churned,High,Low MRR,Small
A-7641d3,Company_429,EdTech,US,2023-02-16,partner,Pro,8,True,True,Basic,10,190,2280,annual,True,False,2024-11-21,519,10.38,164755,3295.1,26,50,28,4,5.0,45.2,124.6,4.333333333333333,2.0,Churned,Medium,Low MRR,Small
A-cd458b,Company_430,DevTools,US,2024-06-15,other,Basic,10,True,False,Enterprise,10,1990,23880,monthly,True,False,2024-12-26,864,10.285714285714286,266624,3174.095238095238,45,84,34,2,5.0,38.4,81.2,4.6,0.0,Retained,High,Medium MRR,Small
A-c16b88,Company_431,HealthTech,US,2023-12-02,event,Enterprise,23,False,False,Enterprise,23,4577,54924,annual,False,False,2024-12-26,457,9.520833333333334,154959,3228.3125,24,48,28,6,3.0,48.333333333333336,137.66666666666666,3.0,0.0,Retained,Medium,High MRR,Medium
A-59f724,Company_432,HealthTech,US,2023-11-03,other,Enterprise,3,True,False,Basic,18,342,4104,monthly,True,False,2024-12-08,696,10.235294117647058,221691,3260.1617647058824,47,68,33,6,4.0,19.25,94.5,4.25,0.0,Retained,High,Low MRR,Small
A-87aa7b,Company_433,HealthTech,US,2024-05-16,organic,Pro,24,True,False,Pro,51,2499,29988,monthly,True,False,2024-12-23,742,10.305555555555555,210545,2924.2361111111113,35,72,31,6,3.0,27.333333333333332,72.66666666666667,,1.0,Retained,High,High MRR,Medium
A-1e6fc3,Company_434,EdTech,FR,2023-12-06,other,Pro,1,False,False,Enterprise,1,199,2388,annual,True,False,2024-12-17,244,9.384615384615385,85274,3279.769230769231,19,26,19,1,5.0,23.8,88.6,3.6666666666666665,0.0,Retained,Low,Low MRR,Small
A-39ddf4,Company_435,EdTech,US,2024-12-05,partner,Enterprise,40,False,False,Enterprise,40,7960,95520,monthly,True,False,2024-12-30,455,9.891304347826088,139654,3035.9565217391305,36,46,27,6,5.0,23.0,76.2,4.25,0.0,Retained,Medium,High MRR,Large
A-34ea2f,Company_436,HealthTech,US,2024-08-15,organic,Enterprise,8,False,True,Enterprise,16,3184,38208,annual,False,False,2024-12-25,550,9.649122807017545,175157,3072.9298245614036,30,57,29,3,8.0,35.25,65.625,3.8,0.0,Churned,Medium,High MRR,Small
A-716841,Company_437,FinTech,US,2024-05-06,other,Pro,45,False,False,Enterprise,45,8955,107460,monthly,True,False,2024-12-13,344,10.117647058823529,111161,3269.4411764705883,13,34,26,1,5.0,29.8,112.8,4.0,0.0,Retained,Low,High MRR,Large
A-558c72,Company_438,FinTech,US,2023-06-01,organic,Basic,12,False,False,Pro,15,735,8820,annual,True,False,2024-10-10,296,9.866666666666667,83537,2784.5666666666666,16,30,19,4,4.0,64.25,79.25,4.5,1.0,Retained,Low,Medium MRR,Medium
A-b11cd0,Company_439,DevTools,US,2023-01-20,ads,Pro,26,True,True,Pro,26,1274,15288,annual,True,False,2024-07-20,278,9.586206896551724,85711,2955.551724137931,16,29,21,1,4.0,38.5,140.75,4.0,0.0,Churned,Low,Medium MRR,Large
A-cc1d8d,Company_440,FinTech,US,2024-12-08,other,Pro,5,False,False,Enterprise,6,1194,14328,annual,True,False,2024-12-30,618,9.80952380952381,204365,3243.8888888888887,48,63,33,11,5.0,30.2,99.2,4.5,0.0,Retained,High,Medium MRR,Small
A-7f4db3,Company_441,FinTech,US,2023-03-05,other,Pro,4,False,False,Enterprise,24,4776,57312,annual,True,True,2024-12-08,844,9.377777777777778,278000,3088.8888888888887,46,90,36,6,5.0,16.6,91.4,3.25,1.0,Retained,High,High MRR,Small
A-db5e9e,Company_442,DevTools,US,2024-11-09,partner,Basic,4,False,False,Enterprise,17,3383,40596,annual,True,True,2024-12-28,586,10.280701754385966,170855,2997.4561403508774,27,57,29,7,2.0,66.0,97.5,5.0,0.0,Retained,High,High MRR,Small
A-cc102e,Company_443,HealthTech,US,2024-04-15,partner,Enterprise,13,False,False,Basic,13,247,2964,annual,True,False,2024-12-23,394,9.162790697674419,121564,2827.0697674418607,39,43,26,5,4.0,33.25,109.0,4.333333333333333,0.0,Retained,Low,Low MRR,Medium
A-82d8a6,Company_444,Cybersecurity,UK,2024-11-28,ads,Basic,5,False,False,Pro,5,245,2940,annual,True,True,2024-12-31,661,9.442857142857143,198538,2836.2571428571428,38,70,32,9,5.0,42.2,112.0,3.5,0.0,Retained,High,Low MRR,Small
A-dec005,Company_445,HealthTech,US,2023-10-13,partner,Pro,21,False,False,Enterprise,54,10746,128952,annual,False,True,2024-11-15,475,9.313725490196079,145213,2847.3137254901962,44,51,31,6,2.0,59.0,152.0,3.0,0.0,Retained,Medium,High MRR,Medium
A-5790f4,Company_446,FinTech,UK,2024-12-22,event,Pro,1,True,False,Basic,33,627,7524,monthly,False,False,2024-12-26,321,9.17142857142857,95888,2739.657142857143,26,35,25,2,4.0,44.0,57.25,4.0,1.0,Retained,Low,Medium MRR,Small
A-7c83a1,Company_447,Cybersecurity,US,2024-05-06,partner,Pro,12,False,False,Pro,24,1176,14112,monthly,True,False,2024-12-30,632,10.193548387096774,203509,3282.4032258064517,23,62,29,4,4.0,42.0,86.25,4.0,0.0,Retained,High,Medium MRR,Medium
A-297a2d,Company_448,HealthTech,UK,2023-05-05,event,Pro,27,False,False,Enterprise,27,5373,64476,annual,True,False,2024-11-05,244,9.76,70412,2816.48,22,25,23,6,2.0,32.5,84.5,3.0,0.0,Retained,Low,High MRR,Large
A-4c56c9,Company_449,FinTech,US,2023-12-20,partner,Enterprise,9,False,True,Basic,18,342,4104,annual,True,False,2024-12-29,623,9.734375,195927,3061.359375,38,64,34,7,5.0,38.6,68.2,3.75,0.0,Churned,High,Low MRR,Small
A-cbbe12,Company_450,Cybersecurity,DE,2023-03-22,partner,Enterprise,40,False,False,Enterprise,40,7960,95520,monthly,True,False,2024-12-16,178,8.090909090909092,49983,2271.9545454545455,10,22,14,0,6.0,38.0,74.5,4.25,0.0,Retained,Low,High MRR,Large
A-4a267b,Company_451,FinTech,US,2024-05-05,other,Pro,25,False,False,Pro,25,0,0,annual,True,False,2024-11-06,498,9.96,150984,3019.68,22,50,31,7,4.0,16.25,105.0,4.333333333333333,0.0,Retained,Medium,Low MRR,Medium
A-bcbe98,Company_452,Cybersecurity,US,2024-07-29,other,Enterprise,46,False,False,Basic,46,874,10488,monthly,True,False,2024-12-30,635,9.76923076923077,173619,2671.0615384615385,43,65,34,12,7.0,38.285714285714285,61.57142857142857,4.0,1.0,Retained,High,Medium MRR,Large
A-427b69,Company_453,FinTech,US,2024-08-23,other,Basic,17,False,False,Basic,17,323,3876,monthly,False,False,2024-12-16,698,9.971428571428572,215804,3082.9142857142856,36,70,32,11,2.0,31.5,109.5,3.0,0.0,Retained,High,Low MRR,Medium
A-0be015,Company_454,FinTech,US,2024-10-15,event,Pro,19,False,False,Basic,19,0,0,monthly,False,False,2024-12-31,297,10.607142857142858,88205,3150.1785714285716,13,28,19,3,7.0,40.285714285714285,84.85714285714286,4.2,1.0,Retained,Low,Low MRR,Medium
A-054577,Company_455,EdTech,UK,2024-04-28,ads,Basic,2,False,False,Pro,8,392,4704,monthly,True,False,2024-12-09,833,9.8,219747,2585.258823529412,52,85,36,10,1.0,46.0,70.0,4.0,0.0,Retained,High,Low MRR,Small
A-bc87bc,Company_456,FinTech,US,2024-07-17,event,Pro,3,False,False,Basic,8,152,1824,monthly,True,False,2024-12-15,394,10.944444444444445,135160,3754.4444444444443,14,36,24,3,7.0,40.57142857142857,112.0,3.75,0.0,Retained,Low,Low MRR,Small
A-0f7d77,Company_457,FinTech,IN,2024-10-28,partner,Pro,3,False,False,Basic,7,133,1596,annual,True,False,2024-12-31,298,9.933333333333334,93933,3131.1,19,30,23,1,5.0,27.2,74.6,5.0,0.0,Retained,Low,Low MRR,Small
A-e7beab,Company_458,EdTech,DE,2023-10-20,organic,Enterprise,5,False,False,Pro,5,245,2940,monthly,True,True,2024-12-23,373,10.36111111111111,131074,3640.9444444444443,17,36,22,2,6.0,36.666666666666664,124.66666666666667,4.0,0.0,Retained,Low,Low MRR,Small
A-a09355,Company_459,FinTech,US,2024-08-10,organic,Basic,14,False,False,Pro,14,686,8232,monthly,True,False,2024-12-29,788,10.102564102564102,217064,2782.871794871795,47,78,33,8,5.0,32.6,66.6,4.0,0.0,Retained,High,Medium MRR,Medium
A-31ab9a,Company_460,FinTech,DE,2024-03-03,organic,Pro,3,False,False,Enterprise,14,2786,33432,monthly,True,False,2024-12-10,340,10.0,129917,3821.0882352941176,23,34,19,4,7.0,43.142857142857146,67.71428571428571,3.5,0.0,Retained,Low,High MRR,Small
A-0158bb,Company_461,FinTech,DE,2024-05-22,partner,Basic,5,False,False,Pro,45,2205,26460,annual,True,False,2024-12-31,364,10.11111111111111,122051,3390.3055555555557,22,36,19,3,1.0,32.0,50.0,3.0,0.0,Retained,Low,High MRR,Small
A-f19b24,Company_462,Cybersecurity,US,2023-01-10,organic,Pro,29,True,False,Basic,29,551,6612,monthly,True,False,2024-12-01,119,9.916666666666666,46012,3834.3333333333335,10,12,12,0,2.0,35.5,74.0,4.0,1.0,Retained,Low,Medium MRR,Large
A-798a3f,Company_463,DevTools,FR,2023-10-19,other,Enterprise,12,False,True,Enterprise,13,2587,31044,monthly,False,False,2024-10-11,352,9.513513513513514,105146,2841.7837837837837,19,37,19,3,5.0,33.0,45.2,4.0,0.0,Churned,Low,High MRR,Medium
A-42b791,Company_464,FinTech,AU,2024-05-20,event,Pro,3,False,False,Basic,20,380,4560,monthly,False,False,2024-12-30,312,9.75,84693,2646.65625,6,32,19,2,3.0,33.666666666666664,72.0,4.0,0.0,Retained,Low,Low MRR,Small
A-068fc6,Company_465,EdTech,US,2023-07-17,event,Enterprise,35,False,False,Enterprise,35,6965,83580,monthly,True,True,2024-12-16,598,10.135593220338983,189037,3204.0169491525426,29,59,32,5,5.0,38.8,121.4,4.333333333333333,0.0,Retained,High,High MRR,Large
A-6f50ae,Company_466,FinTech,US,2023-09-21,partner,Pro,19,False,True,Enterprise,19,3781,45372,monthly,True,False,2024-12-31,811,9.771084337349398,240012,2891.710843373494,48,83,35,5,5.0,31.0,87.4,4.5,0.0,Churned,High,High MRR,Medium
A-a2485e,Company_467,FinTech,US,2024-08-04,event,Pro,3,True,False,Enterprise,17,3383,40596,annual,True,False,2024-12-05,317,11.321428571428571,102647,3665.964285714286,13,28,22,5,0.0,,,,0.0,Retained,Low,High MRR,Small
A-bb1eaa,Company_468,Cybersecurity,US,2024-06-11,organic,Basic,21,False,False,Pro,25,1225,14700,annual,True,False,2024-12-12,164,9.647058823529411,45337,2666.8823529411766,7,17,15,2,6.0,23.5,92.33333333333333,4.5,0.0,Retained,Low,Medium MRR,Medium
A-cc98bc,Company_469,DevTools,US,2023-05-24,ads,Basic,32,False,False,Basic,32,0,0,monthly,True,False,2024-09-20,551,10.39622641509434,160470,3027.735849056604,24,53,29,3,3.0,4.666666666666667,122.33333333333333,4.0,0.0,Retained,Medium,Low MRR,Large
A-d77f4c,Company_470,DevTools,US,2023-09-25,partner,Pro,4,True,False,Pro,4,196,2352,annual,True,True,2024-12-17,617,9.951612903225806,182046,2936.2258064516127,32,62,31,6,2.0,31.0,75.0,4.0,0.0,Retained,High,Low MRR,Small
A-ccabf0,Company_471,HealthTech,IN,2023-11-06,organic,Pro,1,False,False,Basic,25,0,0,annual,True,True,2024-10-15,506,10.12,169088,3381.76,29,50,31,8,4.0,46.25,89.75,3.6666666666666665,0.0,Retained,Medium,Low MRR,Small
A-700ade,Company_472,Cybersecurity,UK,2024-10-31,organic,Enterprise,1,True,False,Basic,50,950,11400,monthly,False,False,2024-12-29,284,9.793103448275861,85381,2944.1724137931033,18,29,20,2,4.0,30.25,53.5,4.666666666666667,0.0,Retained,Low,Medium MRR,Small
A-4a4c2d,Company_473,DevTools,US,2023-05-02,event,Enterprise,54,False,False,Pro,54,2646,31752,monthly,True,False,2024-12-11,587,9.94915254237288,164208,2783.186440677966,37,59,28,1,5.0,42.0,104.0,4.25,0.0,Retained,High,High MRR,Large
A-b7ef83,Company_474,Cybersecurity,UK,2024-05-29,partner,Pro,1,True,False,Pro,12,588,7056,monthly,False,False,2024-12-30,738,10.25,216777,3010.7916666666665,39,72,34,8,2.0,47.5,79.0,4.0,0.0,Retained,High,Medium MRR,Small
A-e08cd3,Company_475,FinTech,US,2024-09-21,ads,Pro,67,True,False,Basic,67,1273,15276,annual,True,False,2024-12-25,432,10.046511627906977,138064,3210.7906976744184,21,43,30,7,8.0,30.375,93.0,4.0,0.0,Retained,Medium,Medium MRR,Large
A-19b2c8,Company_476,DevTools,IN,2023-06-06,other,Pro,20,False,False,Enterprise,20,3980,47760,monthly,True,False,2024-10-25,601,9.53968253968254,188401,2990.4920634920636,34,63,31,4,3.0,29.333333333333332,90.0,4.666666666666667,0.0,Retained,High,High MRR,Medium
A-970c97,Company_477,HealthTech,DE,2024-03-01,other,Enterprise,14,False,False,Pro,19,931,11172,annual,True,False,2024-12-16,444,10.090909090909092,133732,3039.3636363636365,24,44,26,2,1.0,61.0,139.0,5.0,0.0,Retained,Medium,Medium MRR,Medium
A-6dee43,Company_478,FinTech,UK,2023-08-12,other,Basic,3,True,False,Pro,17,0,0,annual,True,False,2024-10-16,461,9.604166666666666,142536,2969.5,11,48,28,2,5.0,44.2,48.8,4.333333333333333,0.0,Retained,Medium,Low MRR,Small
A-5ed98d,Company_479,DevTools,US,2024-06-22,partner,Basic,24,False,False,Basic,38,0,0,annual,True,False,2024-12-21,312,9.75,90314,2822.3125,18,32,23,2,5.0,35.8,91.8,5.0,0.0,Retained,Low,Low MRR,Medium
A-c58f49,Company_480,EdTech,US,2024-07-31,other,Enterprise,70,True,False,Enterprise,70,13930,167160,annual,True,False,2024-11-24,363,9.552631578947368,108540,2856.315789473684,22,38,24,3,3.0,36.333333333333336,60.0,5.0,1.0,Retained,Low,High MRR,Large
A-9c18c4,Company_481,HealthTech,US,2023-07-27,ads,Pro,11,False,True,Enterprise,11,2189,26268,monthly,True,False,2024-10-13,556,9.928571428571429,178453,3186.660714285714,37,56,30,4,4.0,42.25,130.25,4.0,0.0,Churned,Medium,High MRR,Medium
A-cc8c8f,Company_482,DevTools,US,2024-06-16,ads,Enterprise,23,False,False,Basic,48,0,0,annual,True,False,2024-12-19,268,9.571428571428571,66983,2392.25,18,28,20,1,2.0,14.5,123.0,3.5,0.0,Retained,Low,Low MRR,Medium
A-5f7781,Company_483,DevTools,US,2024-08-20,other,Pro,22,False,False,Pro,22,1078,12936,annual,True,False,2024-12-07,183,10.166666666666666,69505,3861.3888888888887,10,18,16,2,2.0,28.5,42.0,4.0,0.0,Retained,Low,Medium MRR,Medium
A-e1b9cd,Company_484,DevTools,US,2023-02-26,event,Pro,40,False,True,Pro,40,1960,23520,monthly,True,False,2024-12-24,840,10.5,243616,3045.2,47,80,34,9,1.0,35.0,115.0,3.0,0.0,Churned,High,Medium MRR,Large
A-ac85cd,Company_485,EdTech,US,2024-07-31,partner,Enterprise,53,False,False,Pro,85,4165,49980,annual,True,False,2024-12-26,634,10.063492063492063,176002,2793.6825396825398,29,63,30,5,3.0,33.666666666666664,76.33333333333333,3.5,0.0,Retained,High,High MRR,Large
A-d792a6,Company_486,DevTools,US,2023-01-23,organic,Enterprise,4,False,False,Enterprise,65,12935,155220,annual,True,False,2024-10-17,690,10.147058823529411,203395,2991.1029411764707,40,68,32,7,5.0,40.6,97.8,4.0,0.0,Retained,High,High MRR,Small
A-ac9111,Company_487,HealthTech,US,2023-08-12,event,Pro,21,True,False,Enterprise,21,4179,50148,monthly,True,False,2024-12-21,808,9.734939759036145,254330,3064.2168674698796,46,83,36,10,3.0,24.666666666666668,89.66666666666667,5.0,0.0,Retained,High,High MRR,Medium
A-18793f,Company_488,EdTech,US,2024-12-18,organic,Basic,148,True,False,Basic,148,0,0,monthly,True,False,2024-12-30,486,10.125,168310,3506.4583333333335,20,48,30,4,5.0,45.2,101.6,3.8,0.0,Retained,Medium,Low MRR,Large
A-9f0b68,Company_489,EdTech,US,2024-04-28,ads,Basic,10,False,False,Pro,18,0,0,annual,True,False,2024-11-30,709,10.128571428571428,194123,2773.1857142857143,33,70,36,12,3.0,30.333333333333332,96.33333333333333,3.0,0.0,Retained,High,Low MRR,Small
A-d3c88e,Company_490,DevTools,US,2024-10-18,event,Pro,16,False,False,Enterprise,16,3184,38208,monthly,True,False,2024-12-29,644,10.0625,204483,3195.046875,48,64,33,11,3.0,58.0,48.0,4.0,0.0,Retained,High,High MRR,Medium
A-ccb686,Company_491,DevTools,US,2024-01-22,other,Basic,10,False,False,Basic,11,209,2508,annual,True,False,2024-12-11,721,10.3,203848,2912.114285714286,46,70,35,8,1.0,67.0,30.0,4.0,0.0,Retained,High,Low MRR,Small
A-118f1c,Company_492,Cybersecurity,US,2024-10-31,other,Pro,32,False,False,Enterprise,32,6368,76416,annual,False,False,2024-12-28,369,9.710526315789474,96816,2547.7894736842104,14,38,22,2,1.0,64.0,141.0,3.0,0.0,Retained,Low,High MRR,Large
A-0e966d,Company_493,FinTech,IN,2024-06-25,ads,Basic,11,False,True,Basic,11,209,2508,annual,True,True,2024-11-26,636,9.9375,197685,3088.828125,34,64,31,11,3.0,31.666666666666668,95.33333333333333,4.5,1.0,Churned,High,Low MRR,Medium
A-b9f5b1,Company_494,Cybersecurity,US,2023-01-24,other,Pro,15,True,False,Enterprise,15,2985,35820,annual,True,False,2024-10-15,307,10.233333333333333,90576,3019.2,12,30,21,3,6.0,31.833333333333332,75.66666666666667,3.3333333333333335,1.0,Retained,Low,High MRR,Medium
A-8ae3fc,Company_495,DevTools,CA,2024-06-28,ads,Pro,9,False,False,Basic,20,380,4560,monthly,True,False,2024-12-16,402,10.307692307692308,130242,3339.5384615384614,30,39,26,5,4.0,39.5,65.5,3.5,0.0,Retained,Low,Low MRR,Small
A-55f257,Company_496,FinTech,US,2023-12-21,organic,Basic,9,False,False,Enterprise,21,4179,50148,monthly,False,False,2024-08-19,476,8.981132075471699,145972,2754.188679245283,25,53,31,6,6.0,43.166666666666664,114.5,5.0,0.0,Retained,Medium,High MRR,Small
A-d26ab4,Company_497,DevTools,UK,2024-11-07,organic,Basic,9,False,True,Enterprise,33,6567,78804,monthly,True,False,2024-12-27,458,9.956521739130435,121379,2638.6739130434785,24,46,24,3,2.0,49.5,110.0,4.0,0.0,Churned,Medium,High MRR,Small
A-712533,Company_498,EdTech,US,2023-07-31,organic,Pro,18,False,False,Pro,18,882,10584,monthly,False,False,2024-12-05,571,10.381818181818181,180056,3273.7454545454543,35,55,32,4,5.0,37.4,97.2,3.75,0.0,Retained,Medium,Medium MRR,Medium
A-781cc0,Company_499,EdTech,US,2024-09-04,organic,Pro,12,False,False,Basic,12,228,2736,annual,True,False,2024-12-08,864,9.931034482758621,270008,3103.5402298850577,42,87,31,7,4.0,57.5,106.0,3.6666666666666665,0.0,Retained,High,Low MRR,Medium
